Column1,asin,ISBN10,title,author,genre,subgenre,currency,final_price,initial_price,domain,format_1_type,format_1_price,format_2_type,format_2_price,format_3_type,format_3_price,rating,reviews_count,overall_best_seller_rank,seller_id,seller_name,timestamp
1,1501100106,9781501100109,10 Day Green Smoothie Cleanse,JJ Smith,"Health, Fitness & Dieting",Diets & Weight Loss,USD,9.91,16.99,www.amazon.com,Kindle ,12.99,Audiobook ,0,Spiral-bound ,18.99,4.7,30000,4379,ATVPDKIKX0DER,VMG Books & Media,12/21/2021
2,1079520015,1079520015,100 Amazing Patterns,Jade Summer,Arts & Photography,Graphic Design,USD,9.99,NA,www.amazon.com,Hardcover ,19.99,,NA,,NA,4.6,13337,1083,ATVPDKIKX0DER,Amazon Warehouse,12/21/2021
3,1661264107,1661264107,100 Flowers,Jade Summer,Arts & Photography,Graphic Design,USD,9.99,NA,www.amazon.com,Hardcover ,19.99,,NA,,NA,4.7,12747,1108,ATVPDKIKX0DER,Amazon Warehouse,12/21/2021
4,1973749122,1973749122,101 So Bad They Re Good Dad Jokes,Elias Hill,Humor & Entertainment,Humor,USD,5.99,6.99,www.amazon.com,Kindle ,1.99,Audiobook ,0,,NA,4.4,11288,293,ATVPDKIKX0DER,Jenson Books Inc.,12/21/2021
5,0345816021,0345816021,12 Rules For Life,Jordan B. Peterson,"Health, Fitness & Dieting",Psychology & Counseling,USD,14.99,25.95,www.amazon.com,Kindle ,13.99,Audiobook ,0,Paperback ,17.63,4.8,43801,110,ATVPDKIKX0DER,EastcoastProducts,12/21/2021
6,1631680021,1631680021,12 Years A Slave,Solomon Northup,Politics & Social Sciences,Social Sciences,USD,3.76,NA,www.amazon.com,Kindle ,0,Audiobook ,0,Hardcover ,12.47,4.6,15993,42144,ATVPDKIKX0DER,Amazon,12/21/2021
7,0451524934,9780451524935,1984,George Orwell,Literature & Fiction,Fiction,USD,7.48,9.99,www.amazon.com,Kindle ,9.99,Audiobook ,0,Hardcover ,10.99,4.7,55581,339,ATVPDKIKX0DER,Amazon,12/21/2021
8,B0892HRS76,,200 Must Know Sight Words Activity Workbook,Smart Kids Notebooks,Children's Books,Education & Reference,USD,5.99,6.99,www.amazon.com,,NA,,NA,,NA,4.7,10275,643,ATVPDKIKX0DER,Amazon,12/21/2021
9,031649934X,031649934X,21st Birthday,James PattersonMaxine Paetro,"Mystery, Thriller & Suspense",Thrillers & Suspense,USD,17.68,29,www.amazon.com,Kindle ,14.99,Audiobook ,0,Paperback ,17.99,4.6,19581,4534,ATVPDKIKX0DER,Franklin Friends of the Library,12/21/2021
10,1680524046,1680524046,365 Bedtime Stories And Rhymes,Cottage Door Press,Children's Books,Fiction,USD,13.49,14.99,www.amazon.com,,NA,,NA,,NA,4.8,10496,2198,ATVPDKIKX0DER,Media Relay LLC,12/21/2021
11,B00X0TKUS0,,48 Laws Of Power,"Robert Greene (Author), Richard Poe (Narrator), HighBridge, a Division of Recorded Books (Publisher) & 0 more",Politics & Social Sciences,Politics & Government,USD,9.99,NA,www.amazon.com,Kindle ,16.99,Hardcover ,104.5,Paperback ,14.2,4.7,33383,59,,Amazon,12/21/2021
12,1804220256,1804220256,48 Laws Of Power Robert And Joost Elffers Greene,Robert Greene,Politics & Social Sciences,Politics & Government,USD,18.79,NA,www.amazon.com,Kindle ,16.99,Audiobook ,0,Paperback ,14.7,4.7,33382,7370,ATVPDKIKX0DER,Amazon,12/21/2021
13,1426310498,9781426310492,5 000 Awesome Facts,by National Kids (Author),Children's Books,Education & Reference,USD,11.97,19.95,www.amazon.com,,NA,,NA,,NA,4.8,16183,78,ATVPDKIKX0DER,-OnTimeBooks-,12/21/2021
14,1250303885,1250303885,5 Ingredients,Jamie Oliver,"Cookbooks, Food & Wine",Cooking Methods,USD,19.39,35,www.amazon.com,Kindle ,16.99,,NA,,NA,4.6,15452,2495,ATVPDKIKX0DER,Nash Goods,12/21/2021
15,1945260793,1945260793,50 Shades Of Bullsh T,"by Adult Coloring Books (Author), Swear Word Coloring Book (Author), Adult Colouring Books (Author) & 0 more","Crafts, Hobbies & Home",Crafts & Hobbies,USD,1.99,NA,www.amazon.com,,NA,,NA,,NA,4.6,13420,218735,ATVPDKIKX0DER,Amazon,12/21/2021
16,1426216904,9781426216909,50 States 5 000 Ideas,National GeographicJoe Yogerst,Travel,Canada,USD,13.06,24.95,www.amazon.com,Kindle ,12.99,Spiral-bound ,38.99,,NA,4.6,11776,100,ATVPDKIKX0DER,Amazon,12/21/2021
17,1250787572,1250787572,7 Ways,Jamie Oliver,"Cookbooks, Food & Wine",Cooking by Ingredient,USD,17.29,35,www.amazon.com,Kindle ,16.99,,NA,,NA,4.7,12413,15356,ATVPDKIKX0DER,Leo Pera,12/21/2021
18,1099617200,1099617200,A Beginner S Guide To The Stock Market,Matthew R. Kratter,Business & Money,Investing,USD,6.99,NA,www.amazon.com,Kindle ,0,Audiobook ,0,,NA,4.5,13067,1617,ATVPDKIKX0DER,Amazon,12/21/2021
19,0385324162,0385324162,A Breath Of Snow And Ashes,Diana Gabaldon,Science Fiction & Fantasy,Fantasy,USD,28.69,35,www.amazon.com,Kindle ,9.99,Audiobook ,0,Paperback ,15.99,4.8,13908,34414,ATVPDKIKX0DER,Bay State Book Company,12/21/2021
20,0553380168,9780553380163,A Brief History Of Time,Stephen Hawking,Science & Math,Astronomy & Space Science,USD,7.99,18,www.amazon.com,Kindle ,9.99,Audiobook ,0,Library Binding ,NA,4.7,12030,3338,ATVPDKIKX0DER,-OnTimeBooks-,12/21/2021
21,0393608646,0393608646,A Christmas Carol,Charles Dickens,Literature & Fiction,History & Criticism,USD,10.99,21.95,www.amazon.com,Kindle ,0,Audiobook ,0,Paperback ,2.99,4.7,12865,131125,ATVPDKIKX0DER,GREENWORLD BOOKS,12/21/2021
22,B0001MC01Y,,A Clash Of Kings,"Roy Dotrice (Narrator), George R.R. Martin (Author), Random House Audio (Publisher) & 0 more",Literature & Fiction,Action & Adventure,USD,9.99,NA,www.amazon.com,Kindle ,9.99,Hardcover ,22.45,Paperback ,15.99,4.7,12369,221,,Amazon,12/21/2021
23,B01MROOGPE,,A Column Of Fire,"Ken Follett (Author), John Lee (Narrator), Macmillan Digital Audio (Publisher) & 0 more","Mystery, Thriller & Suspense",Thrillers & Suspense,USD,9.99,NA,www.amazon.com,Kindle ,9.99,Audiobook ,0,Hardcover ,16.4,4.6,16588,85322,,Amazon,12/21/2021
24,1635575621,1635575621,A Court Of Frost And Starlight,Sarah J. Maas,Science Fiction & Fantasy,Fantasy,USD,13.89,16,www.amazon.com,Kindle ,7.17,Audiobook ,0,Hardcover ,16.99,4.5,20404,2158,ATVPDKIKX0DER,Goodwill of Orange County,12/21/2021
25,1635575583,1635575583,A Court Of Mist And Fury,Sarah J. Maas,Science Fiction & Fantasy,Fantasy,USD,14.25,18,www.amazon.com,Kindle ,9.99,Audiobook ,0,Hardcover ,22.99,4.9,30741,1326,ATVPDKIKX0DER,Goodwill of North Georgia,12/21/2021
26,168119628X,168119628X,A Court Of Silver Flames,Sarah J. Maas,Literature & Fiction,Action & Adventure,USD,16.84,28,www.amazon.com,Kindle ,13.49,Audiobook ,0,Paperback ,21.95,4.8,38009,924,ATVPDKIKX0DER,Booksabillions,12/21/2021
27,1547604174,1547604174,A Court Of Thorns And Roses,Sarah J. Maas,Teen & Young Adult,Fiction,USD,31.5,35,www.amazon.com,Kindle ,6.65,Audiobook ,0,Paperback ,10.8,4.7,35941,20491,ATVPDKIKX0DER,worldofbooksinc,12/21/2021
28,1635575605,1635575605,A Court Of Wings And Ruin,Sarah J. Maas,Science Fiction & Fantasy,Fantasy,USD,14.94,18,www.amazon.com,Kindle ,9.99,Audiobook ,0,Hardcover ,20.99,4.8,26225,1975,ATVPDKIKX0DER,Goodwill of Dayton Ohio,12/21/2021
29,B005C7QVUE,,A Dance With Dragons,"Roy Dotrice (Narrator), George R.R. Martin (Author), Random House Audio (Publisher) & 0 more",Literature & Fiction,Action & Adventure,USD,9.99,NA,www.amazon.com,Kindle ,9.99,Hardcover ,67,Paperback ,15.99,4.5,15902,345,,Amazon,12/21/2021
30,B0899ZSB11,,A Deadly Influence,Mike Omer,"Mystery, Thriller & Suspense",Thrillers & Suspense,USD,9.99,NA,www.amazon.com,Audiobook Audiobook ,0,Paperback ,9.99,Audio CD ,14.99,4.4,20954,750,,Amazon,12/21/2021
31,0143119680,9780143119685,A Discovery Of Witches,Deborah Harkness,Literature & Fiction,Fiction,USD,15.01,18,www.amazon.com,Kindle ,12.99,Audiobook ,0,Hardcover ,26.99,4.6,20152,11434,ATVPDKIKX0DER,-OnTimeBooks-,12/21/2021
32,B089GSVYJW,,A Familiar Sight,Brianna Labuskes,"Mystery, Thriller & Suspense",Thrillers & Suspense,USD,9.99,NA,www.amazon.com,Audiobook Audiobook ,0,Paperback ,11.99,Audio CD ,14.99,4.3,18537,1618,,Amazon,12/21/2021
33,B07ZN4WM13,,A Feast For Crows,"Roy Dotrice (Narrator), George R.R. Martin (Author), Random House Audio (Publisher) & 0 more",Science Fiction & Fantasy,Fantasy,USD,9.99,NA,www.amazon.com,Kindle ,9.99,Hardcover ,28.49,Paperback ,12.5,4.5,10917,305,,Amazon,12/21/2021
34,1538719673,1538719673,A Gambling Man,David Baldacci,Literature & Fiction,Action & Adventure,USD,13.99,29,www.amazon.com,Kindle ,11.99,Audiobook ,0,Paperback ,11.99,4.4,21250,9251,ATVPDKIKX0DER,-OnTimeBooks-,12/21/2021
35,B0001DBI1Q,,A Game Of Thrones,"Roy Dotrice (Narrator), George R.R. Martin (Author), Random House Audio (Publisher) & 0 more",Literature & Fiction,Fiction,USD,9.99,NA,www.amazon.com,Kindle ,8.99,Hardcover ,26.29,Paperback ,15.49,4.7,24044,84,,Amazon,12/21/2021
36,1101965487,1101965487,A Game of Thrones,George R. R. Martin,Literature & Fiction,Action & Adventure,USD,62.99,85,www.amazon.com,Kindle ,39.99,Paperback ,47.99,Mass Market Paperback ,28.62,4.7,36948,7007,A7SCUX73K7TOJ,betterdeals2019betterdeals2019,12/21/2021
37,0345535529,0345535529,A Game of Thrones,George R. R. Martin,Literature & Fiction,Fiction,USD,28.62,49.95,www.amazon.com,Kindle ,39.99,Leather Bound ,63.49,Paperback ,47.99,4.7,36948,2236,ATVPDKIKX0DER,Vivé Liber Books LLC,12/21/2021
38,0143110438,0143110438,A Gentleman In Moscow,Amor Towles,"Mystery, Thriller & Suspense",Thrillers & Suspense,USD,9.34,18,www.amazon.com,Kindle ,9.99,Audiobook ,0,Hardcover ,14.76,4.6,37254,301,ATVPDKIKX0DER,Missouri_Goodwill_Industries,12/21/2021
39,B07R29FDQD,,A Killer S Wife,Victor Methos,"Mystery, Thriller & Suspense",Thrillers & Suspense,USD,9.99,NA,www.amazon.com,Audiobook Audiobook ,0,Hardcover ,20.69,Paperback ,11.99,4.4,11680,1725,,Amazon,12/21/2021
40,1952457114,1952457114,A Kingdom Of Flesh And Fire,Jennifer L. Armentrout,Romance,Paranormal,USD,18.28,NA,www.amazon.com,Kindle ,7.99,Audiobook ,0,Hardcover ,NA,4.8,27504,1593,ATVPDKIKX0DER,Amazon,12/21/2021
41,0804172706,0804172706,A Little Life,Hanya Yanagihara,Literature & Fiction,Fiction,USD,14.82,18,www.amazon.com,Kindle ,13.99,Audiobook ,0,Hardcover ,35,4.5,14100,846,ATVPDKIKX0DER,VMG Books & Media,12/21/2021
42,0593157494,0593157494,A Long Petal Of The Sea,Isabel Allende,Literature & Fiction,Fiction,USD,14.49,17,www.amazon.com,Kindle ,9.99,Audiobook ,0,Hardcover ,14.04,4.4,10398,9062,ATVPDKIKX0DER,Rye Berry Books,12/21/2021
43,0547251270,054725127,A Long Walk To Water,Linda Sue Park,Children's Books,Growing Up & Facts of Life,USD,14.4,16,www.amazon.com,Kindle ,0,Audiobook ,0,Paperback ,7.64,4.8,13442,17036,ATVPDKIKX0DER,Momentum V&E,12/21/2021
44,1476738025,9781476738024,A Man Called Ove,Fredrik Backman,Literature & Fiction,Fiction,USD,7.63,17,www.amazon.com,Kindle ,12.99,Audiobook ,0,Hardcover ,14.49,4.6,40311,1408,ATVPDKIKX0DER,AP Books and More,12/21/2021
45,1538761637,1538761637,A Minute To Midnight,David Baldacci,Literature & Fiction,Action & Adventure,USD,12.59,16.99,www.amazon.com,Kindle ,9.99,Audiobook ,0,Hardcover ,12.97,4.6,13852,15524,ATVPDKIKX0DER,-OnTimeBooks-,12/21/2021
46,0452289963,9780452289963,A New Earth,Eckhart Tolle,"Health, Fitness & Dieting",Alternative Medicine,USD,8.93,18,www.amazon.com,Kindle ,13.99,Audiobook ,0,Hardcover ,16.39,4.7,10047,1059,ATVPDKIKX0DER,Top Shelf Media Group,12/21/2021
47,0062397346,0062397346,A People S History Of The United States,Howard Zinn,History,Americas,USD,13.29,21.99,www.amazon.com,Kindle ,14.99,Audiobook ,0,Hardcover ,NA,4.7,10298,1702,ATVPDKIKX0DER,Vivé Liber Books LLC,12/21/2021
48,0525633766,1524763160,A Promised Land,Barack Obama,Biographies & Memoirs,Leaders & Notable People,USD,16.02,47,www.amazon.com,Kindle ,17.99,Audiobook ,0,Hardcover ,22.99,4.9,118596,6967,ATVPDKIKX0DER,glenthebookseller,12/21/2021
49,B07VDFNJLZ,,A Single Swallow,Zhang Ling,Literature & Fiction,Fiction,USD,9.99,NA,www.amazon.com,Audiobook Audiobook ,0,Hardcover ,11.84,Paperback ,8.66,4.4,11184,17382,,Amazon,12/21/2021
50,1250048672,1250048672,A Street Cat Named Bob,James Bowen,"Crafts, Hobbies & Home",Pets & Animal Care,USD,9.89,16.99,www.amazon.com,Kindle ,10.99,Audiobook ,0,Hardcover ,16.79,4.8,11202,15771,ATVPDKIKX0DER,Daye Book House,12/21/2021
51,159448385X,159448385X,A Thousand Splendid Suns,Khaled Hosseini,Literature & Fiction,Fiction,USD,9.96,17,www.amazon.com,Kindle ,12.99,Audiobook ,0,Hardcover ,13.59,4.7,17851,1621,ATVPDKIKX0DER,-OnTimeBooks-,12/21/2021
52,0385545967,0385545967,A Time For Mercy,John Grisham,"Mystery, Thriller & Suspense",Thrillers & Suspense,USD,11.91,29.95,www.amazon.com,Kindle ,9.99,Audiobook ,0,Paperback ,14.38,4.6,65351,3459,ATVPDKIKX0DER,-OnTimeBooks-,12/21/2021
53,0991132394,0991132394,A Touch Of Darkness,Scarlett St. Clair,Science Fiction & Fantasy,Fantasy,USD,22.55,25.99,www.amazon.com,Kindle ,0.99,Audiobook ,0,Paperback ,11.8,4.5,10700,9218,ATVPDKIKX0DER,Academic Book Solutions,12/21/2021
54,B088JGTGN6,,A Wanted Man,"Lee Child (Author), Dick Hill (Narrator), Random House Audio (Publisher) & 0 more",Literature & Fiction,Action & Adventure,USD,9.99,NA,www.amazon.com,Kindle ,9.99,Hardcover ,19.5,Paperback ,23.63,4.4,10705,62573,,Amazon,12/21/2021
55,073522529X,073522529X,A Woman Of No Importance,Sonia Purnell,Biographies & Memoirs,Historical,USD,12.69,28,www.amazon.com,Kindle ,12.99,Audiobook ,0,Paperback ,13.39,4.6,10880,1736,ATVPDKIKX0DER,Momma's Media,12/21/2021
56,0312367546,0312367546,A Wrinkle In Time,Madeleine L'Engle,Children's Books,Science Fiction & Fantasy,USD,5.35,6.99,www.amazon.com,Kindle ,0,Audiobook ,0,Hardcover ,21.99,4.6,10229,1601,ATVPDKIKX0DER,ZBK Books,12/21/2021
57,B07JHTMZFX,,A Wrinkle In Time Archival Edition,"Madeleine L'Engle (Author, Narrator), Listening Library (Publisher)",Teen & Young Adult,Science Fiction & Fantasy,USD,9.99,NA,www.amazon.com,Kindle ,0,Hardcover ,21.99,Paperback ,5.35,4.6,10230,5160,,Amazon,12/21/2021
58,B07WS9RPJM,,Across The Winding River,Aimie K. Runyan,Literature & Fiction,Fiction,USD,9.99,NA,www.amazon.com,Audiobook Audiobook ,0,Paperback ,8.99,Audio CD ,11.07,4.4,10322,10632,,Amazon,12/21/2021
59,1945710799,1945710799,Adult Coloring Book,MantraCraft,Arts & Photography,Graphic Design,USD,5.54,NA,www.amazon.com,,NA,,NA,,NA,4.6,13531,991,ATVPDKIKX0DER,ZBK Books,12/21/2021
60,1476792488,1476792488,After,Anna Todd,Literature & Fiction,Fiction,USD,9.34,17.99,www.amazon.com,Kindle ,12.99,Audiobook ,0,Audio CD ,27.99,4.7,12936,8022,ATVPDKIKX0DER,Amazon,12/21/2021
61,B00OPAKSBC,,After We Collided,"Anna Todd (Author), Shane East (Narrator), Elizabeth Louise (Narrator), Simon & Schuster Audio (Publisher) & 1 more",Literature & Fiction,Fiction,USD,9.99,NA,www.amazon.com,Kindle ,12.99,Paperback ,12.22,,NA,4.7,11756,2825,,Amazon,12/21/2021
62,B00PMHZ8CG,,After We Fell,"Anna Todd (Author), Shane East (Narrator), Elizabeth Louise (Narrator), Simon & Schuster Audio (Publisher) & 1 more",Literature & Fiction,Fiction,USD,9.99,NA,www.amazon.com,Kindle ,12.99,Paperback ,11.72,Audio CD ,49.99,4.8,10750,2617,,Amazon,12/21/2021
63,1674844468,1674844468,Air Fryer Cookbook,Jenson William,"Cookbooks, Food & Wine",Cooking Methods,USD,10.9,NA,www.amazon.com,Kindle ,4.99,Spiral-bound ,32.99,,NA,4.4,23542,17,ATVPDKIKX0DER,Amazon,12/21/2021
64,1594200092,1594200092,Alexander Hamilton,Ron Chernow,Biographies & Memoirs,Leaders & Notable People,USD,17.99,37,www.amazon.com,Kindle ,14.99,Audiobook ,0,Paperback ,11.04,4.8,17551,5662,ATVPDKIKX0DER,Vivé Liber Books LLC,12/21/2021
65,0691170029,0691170029,Alice S Adventures In Wonderland,Lewis Carroll,Arts & Photography,History & Criticism,USD,18.99,24.95,www.amazon.com,Kindle ,0,Audiobook ,0,Paperback ,2.99,4.5,11978,41787,ATVPDKIKX0DER,Ehood Books,12/21/2021
66,0765397536,9780765397539,All Systems Red,Martha Wells,Science Fiction & Fantasy,Science Fiction,USD,15.19,15.99,www.amazon.com,Kindle ,0,Audiobook ,0,Hardcover ,11.69,4.5,11614,12607,ATVPDKIKX0DER,Giobook,12/21/2021
67,1250145244,1250145244,All The Devils Are Here,Louise Penny,"Mystery, Thriller & Suspense",Mystery,USD,13.6,17.99,www.amazon.com,Kindle ,9.99,Audiobook ,0,Hardcover ,12.96,4.7,21217,11595,ATVPDKIKX0DER,Momma's Media,12/21/2021
68,1476746583,1476746583,All The Light We Cannot See,Anthony Doerr,Literature & Fiction,Fiction,USD,14.53,29,www.amazon.com,Kindle ,13.99,Audiobook ,0,Paperback ,10.74,4.6,53837,2027,ATVPDKIKX0DER,gatecitybooks,12/21/2021
69,006202406X,006202406X,Allegiant,Veronica Roth,Teen & Young Adult,Fiction,USD,7,19.99,www.amazon.com,Kindle ,10.99,Audiobook ,0,Paperback ,10.1,3.9,22362,83244,A1RX8T1COSPQUU,medialeadersmedialeaders,12/21/2021
70,0063040530,0063040530,Allegiant Anniversary Edition,Veronica Roth,Teen & Young Adult,Fiction,USD,9.99,12.99,www.amazon.com,Kindle ,10.99,Audiobook ,0,Hardcover ,6.33,3.9,22362,71938,ATVPDKIKX0DER,Housing Works Online Bookstore,12/21/2021
71,1250209765,1250209765,American Dirt,Jeanine Cummins,Literature & Fiction,Fiction,USD,16.75,27.99,www.amazon.com,Kindle ,0,Audiobook ,0,Paperback ,14.39,4.6,61053,1104,ATVPDKIKX0DER,Vivé Liber Books LLC,12/21/2021
72,B0000YSH2O,,American Gods Tv Tie In,"Neil Gaiman (Author), George Guidall (Narrator), HarperAudio (Publisher) & 0 more",Literature & Fiction,Action & Adventure,USD,9.99,NA,www.amazon.com,Kindle ,9.99,Hardcover ,23.99,Paperback ,12.2,4.5,13463,4987,,Amazon,12/21/2021
73,150113597X,150113597X,American Marxism,Mark R. Levin,Politics & Social Sciences,Politics & Government,USD,14,28,www.amazon.com,Kindle ,14.99,Audiobook ,0,Paperback ,18.79,4.9,23204,64,ATVPDKIKX0DER,Amazon,12/21/2021
74,0062238868,0062238868,American Sniper,Chris KyleScott McEwenJim DeFelice,Biographies & Memoirs,Leaders & Notable People,USD,9.99,NA,www.amazon.com,Kindle ,9.99,Audiobook ,0,Library Binding ,27.28,4.6,18487,28620,ATVPDKIKX0DER,Vivé Liber Books LLC,12/21/2021
75,0307271080,0307271080,Americanah,Chimamanda Ngozi Adichie,Literature & Fiction,Fiction,USD,15.19,30,www.amazon.com,Kindle ,11.99,Paperback ,10.08,MP3 CD ,15.99,4.6,11826,40817,ATVPDKIKX0DER,owl_of_minerva_books,12/21/2021
76,1616208686,1616208686,An American Marriage,Tayari Jones,Literature & Fiction,United States,USD,11.54,16.95,www.amazon.com,Kindle ,9.04,Audiobook ,0,Hardcover ,14.1,4.4,14558,16368,ATVPDKIKX0DER,California Book Bag,12/21/2021
77,0385342454,0385342454,An Echo In The Bone,Diana Gabaldon,Science Fiction & Fantasy,Fantasy,USD,27.12,35,www.amazon.com,Kindle ,9.99,Audiobook ,0,Paperback ,13.55,4.8,13786,24287,ATVPDKIKX0DER,Mostly Tomatos,12/21/2021
78,B01N1ME9B5,,An Offer From A Gentleman,"Julia Quinn (Author), Rosalyn Landor (Narrator), Recorded Books (Publisher) & 0 more",Literature & Fiction,Fiction,USD,9.99,NA,www.amazon.com,Kindle ,7.99,Hardcover ,12.87,Paperback ,13.58,4.6,17372,1200,,Amazon,12/21/2021
79,0062073478,0062073478,And Then There Were None,Agatha Christie,"Mystery, Thriller & Suspense",Thrillers & Suspense,USD,9.99,15.99,www.amazon.com,Kindle ,7.99,Audiobook ,0,Hardcover ,20.66,4.5,16752,7851,ATVPDKIKX0DER,California Book Bag,12/21/2021
80,0451526341,9780451526342,Animal Farm,George Orwell,Politics & Social Sciences,Politics & Government,USD,7.48,9.99,www.amazon.com,Kindle ,9.99,Audiobook ,0,Hardcover ,16.99,4.7,26096,967,ATVPDKIKX0DER,-OnTimeBooks-,12/21/2021
81,0553296981,9780553296983,Anne Frank,Anne Frank,History,World,USD,9.99,NA,www.amazon.com,Kindle ,NA,Hardcover ,24.1,Paperback ,13.99,4.8,11935,44852,,goodwill_ind_of_mid_tn,12/21/2021
82,0307987698,9780307987693,Another Monster At The End Of This Book,Jon Stone,Children's Books,Fiction,USD,4.99,NA,www.amazon.com,Kindle ,3.99,Paperback ,24.99,Board book ,4.74,4.9,23181,10088,ATVPDKIKX0DER,Amazon,12/21/2021
83,1501160834,1501160834,Anxious People,Fredrik Backman,Literature & Fiction,Fiction,USD,13.23,28,www.amazon.com,Kindle ,12.99,Audiobook ,0,Paperback ,13.12,4.4,36144,1978,ATVPDKIKX0DER,Jenson Books Inc,12/21/2021
84,1250220254,1250220254,Apples Never Fall,Liane Moriarty,"Mystery, Thriller & Suspense",Thrillers & Suspense,USD,18.41,28.99,www.amazon.com,Kindle ,14.99,Audiobook ,0,Paperback ,29.99,4.2,23219,189,ATVPDKIKX0DER,Amazon,12/21/2021
85,0394800184,0394800184,Are You My Mother,P.D. Eastman,Children's Books,Fiction,USD,5,9.99,www.amazon.com,Kindle ,9.99,Audiobook ,0,Paperback ,9.45,4.9,15012,2161,ATVPDKIKX0DER,Amazon,12/21/2021
86,B0002P0FJE,,Art Of War,"Joe Mantegna (Narrator), Sun Tzu (Author), Recorded Books (Publisher) & 0 more",History,Military,USD,9.99,NA,www.amazon.com,Kindle ,1.99,Hardcover ,21.97,Paperback ,4.99,4.5,18898,91255,,Amazon,12/21/2021
87,1338216678,1338216678,Harry Potter and the Cursed Child,J. K. RowlingJack ThorneJohn Tiffany,Children's Books,"Arts, Music & Photography",USD,23.99,29.99,www.amazon.com,Kindle ,0,Paperback ,7.98,Single Issue Magazine ,NA,4.2,35661,4603,ATVPDKIKX0DER,Kamimatech,12/21/2021
88,078583351X,078583351X,As A Man Thinketh,James Allen,Religion & Spirituality,New Age & Spirituality,USD,7.99,NA,www.amazon.com,Kindle ,0,Audiobook ,0,Paperback ,4.99,4.7,14252,27028,ATVPDKIKX0DER,Amazon,12/21/2021
89,1477821031,1477821031,As The Crow Flies,Damien Boyd,"Mystery, Thriller & Suspense",Thrillers & Suspense,USD,11.59,15.95,www.amazon.com,Kindle ,0,Audiobook ,0,Audio CD ,10.58,4.2,10154,829661,ATVPDKIKX0DER,MorseCode Enterprises,12/21/2021
90,1401904599,1401904599,Ask And It Is Given,Esther HicksJerry HicksWayne W. Dyer,Religion & Spirituality,New Age & Spirituality,USD,9.89,15.99,www.amazon.com,Kindle ,9.99,Hardcover ,20,,NA,4.8,10105,1532,ATVPDKIKX0DER,Amazon,12/21/2021
91,0393609391,9780393609394,Astrophysics For People In A Hurry,Neil deGrasse Tyson,History,Americas,USD,9.49,18.95,www.amazon.com,Kindle ,9.02,Audiobook ,0,MP3 CD ,9.97,4.7,17736,1405,ATVPDKIKX0DER,-OnTimeBooks-,12/21/2021
92,1516703839,1516703839,Ati Teas Secrets Study Guide,TEAS Exam Secrets Test Prep Team,"New, Used & Rental Textbooks",Medicine & Health Sciences,USD,9.99,44.99,www.amazon.com,,NA,,NA,,NA,4.7,13719,1912,ATVPDKIKX0DER,Amazon,12/21/2021
93,0525948929,0525948929,Atlas Shrugged,Ayn Rand,Literature & Fiction,Fiction,USD,26.08,40,www.amazon.com,Kindle ,9.99,Audiobook ,0,Paperback ,18.93,4.5,12336,6327,ATVPDKIKX0DER,Amazon,12/21/2021
94,0735211299,0735211299,Atomic Habits,James Clear,"Health, Fitness & Dieting",Psychology & Counseling,USD,11.98,27,www.amazon.com,Kindle ,13.99,Audiobook ,0,Paperback ,27,4.8,41331,6,ATVPDKIKX0DER,Amazon,12/21/2021
95,1939754666,9781939754660,Awesome Science Experiments For Kids,Crystal Chatterton,Children's Books,"Science, Nature & How It Works",USD,6.44,14.99,www.amazon.com,Kindle ,0,Spiral-bound ,21.99,,NA,4.7,12531,404,ATVPDKIKX0DER,Amazon,12/21/2021
96,0803731930,0803731930,Baby Signs,Joy Allen,Children's Books,Growing Up & Facts of Life,USD,5.18,6.99,www.amazon.com,Kindle ,6.99,Hardcover ,11.48,Paperback ,NA,4.6,10521,1858,ATVPDKIKX0DER,Amazon,12/21/2021
97,0525431993,0525431993,Bad Blood,John Carreyrou,Business & Money,Finance,USD,12.97,16.95,www.amazon.com,Kindle ,13.99,Audiobook ,0,Hardcover ,14.35,4.7,11868,4124,ATVPDKIKX0DER,Katrina's Bookshelf,12/21/2021
98,0593233921,0593233921,Bad Manners,Bad MannersMichelle DavisMatt Holloway,"Crafts, Hobbies & Home",Home Improvement & Design,USD,17.99,26.99,www.amazon.com,Kindle ,11.99,,NA,,NA,4.6,13865,1484,ATVPDKIKX0DER,Amazon,12/21/2021
99,0778801314,0778801314,Ball Complete Book Of Home Preserving,Judi KingryLauren Devine,"Cookbooks, Food & Wine",Canning & Preserving,USD,15.72,24.95,www.amazon.com,Hardcover ,30,Spiral-bound ,27.66,,NA,4.8,11850,1374,ATVPDKIKX0DER,TheBookKingdom,12/21/2021
100,0425276767,0425276767,Bared To You,Sylvia Day,Literature & Fiction,Women's Fiction,USD,14.99,17,www.amazon.com,Kindle ,3.99,Audiobook ,0,Hardcover ,17,4.4,12795,29693,ATVPDKIKX0DER,-OnTimeBooks-,12/21/2021
101,0593199308,0593199308,Battle Ground,Jim Butcher,"Mystery, Thriller & Suspense",Mystery,USD,13.99,28,www.amazon.com,Kindle ,9.99,Audiobook ,0,Paperback ,7.48,4.8,20253,24329,ATVPDKIKX0DER,Amazon,12/21/2021
102,0446691097,0446691097,Battlefield Of The Mind,Joyce Meyer,Christian Books & Bibles,Christian Living,USD,10.99,16.99,www.amazon.com,Kindle ,9.99,Audiobook ,0,Hardcover ,28,4.8,14403,2257,ATVPDKIKX0DER,AJ's Pop-up Shop,12/21/2021
103,0517543052,9780517543054,Be Here Now,Ram Dass,"Health, Fitness & Dieting",Alternative Medicine,USD,13.29,17.17,www.amazon.com,Kindle Edition with Audio/Video ,0,Spiral-bound ,NA,,NA,4.7,10114,1420,ATVPDKIKX0DER,kichoyproductions,12/21/2021
104,1984806734,1984806734,Beach Read,Emily Henry,Literature & Fiction,Fiction,USD,7.35,16,www.amazon.com,Kindle ,8.99,Audiobook ,0,Hardcover ,42.17,4.4,21619,656,ATVPDKIKX0DER,Clickgoodwill,12/21/2021
105,0525633677,0525633677,Becoming,Michelle Obama,History,Americas,USD,23.04,45,www.amazon.com,Kindle ,12.99,Audiobook ,0,Hardcover ,11.89,4.8,117478,118772,A2GXKSHSDXFUPD,GoodwillVSBGoodwillVSBAmazon Warehouse,12/21/2021
106,0425284700,0425284700,Before We Were Yours,Lisa Wingate,Literature & Fiction,Fiction,USD,11.3,17,www.amazon.com,Kindle ,12.99,Audiobook ,0,Hardcover ,13.21,4.7,36118,3585,ATVPDKIKX0DER,AJ's Pop-up Shop,12/21/2021
107,1250132363,1250132363,Behind Closed Doors,B.A. Paris,Literature & Fiction,Fiction,USD,8.8,16.99,www.amazon.com,Kindle ,0,Audiobook ,0,Hardcover ,29.83,4.3,26475,4568,ATVPDKIKX0DER,Vivé Liber Books LLC,12/21/2021
108,0805095152,9780805095159,Being Mortal,Atul Gawande,Medical Books,Administration & Medicine Economics,USD,14.1,28,www.amazon.com,Kindle ,0,Audiobook ,0,Paperback ,14.59,4.8,16305,12790,ATVPDKIKX0DER,The BAP Goods,12/21/2021
109,1503902374,1503902374,Beneath A Scarlet Sky,Mark Sullivan,Literature & Fiction,Fiction,USD,12.99,27.95,www.amazon.com,Kindle ,0,Audiobook ,0,Paperback ,13.46,4.7,55941,3120,ATVPDKIKX0DER,-OnTimeBooks-,12/21/2021
110,B08QQ1X9VJ,,Beneath Devil S Bridge,"Lauren Ezzo (Narrator), Laural Merlington (Narrator), Loreth Anne White (Author), Brilliance Audio (Publisher) & 1 more","Mystery, Thriller & Suspense",Mystery,USD,9.99,NA,www.amazon.com,Kindle ,0,Paperback ,5.99,Audio CD ,14.99,4.4,22031,1815,,Amazon,12/21/2021
111,0593452739,0593452739,Better Off Dead,Lee Child,Literature & Fiction,Action & Adventure,USD,36.14,45,www.amazon.com,Kindle ,14.99,Audiobook ,0,Hardcover ,17.38,4.1,17655,72270,A1KY5HRJRH6YF1,GrandEagleRetailGrandEagleRetailGoodwillVSB,12/21/2021
112,1984818503,1984818503,Better Off Dead,Lee Child,Literature & Fiction,Action & Adventure,USD,17.38,28.99,www.amazon.com,Kindle ,14.99,Audiobook ,0,Paperback ,20.54,4.1,17655,646,ATVPDKIKX0DER,California Books 1983,12/21/2021
113,0812993543,0812993543,Between The World And Me,Ta-Nehisi Coates,Politics & Social Sciences,Sociology,USD,12.92,26,www.amazon.com,Kindle ,9.99,Audiobook ,0,Paperback ,15.8,4.7,18421,2631,ATVPDKIKX0DER,Vivé Liber Books LLC,12/21/2021
114,0399167064,0399167064,Big Little Lies,Liane Moriarty,"Mystery, Thriller & Suspense",Thrillers & Suspense,USD,14.43,26.95,www.amazon.com,Kindle ,9.99,Audiobook ,0,Paperback ,9.44,4.6,28283,56291,ATVPDKIKX0DER,saveherenow,12/21/2021
115,1594634718,1594634718,Big Magic,Elizabeth Gilbert,Business & Money,Business Culture,USD,14.35,26,www.amazon.com,Kindle ,12.99,Audiobook ,0,Paperback ,9.38,4.6,10152,62602,ATVPDKIKX0DER,DKA Enterprises,12/21/2021
116,1938895304,1938895304,Bigger Leaner Stronger,Michael Matthews,"Health, Fitness & Dieting",Exercise & Fitness,USD,16.99,19.99,www.amazon.com,Kindle ,4,Audiobook ,0,,NA,4.6,10392,2355,ATVPDKIKX0DER,Dio Evolutions,12/21/2021
117,1982173610,1982173610,Billy Summers,Stephen King,Literature & Fiction,Action & Adventure,USD,15,30,www.amazon.com,Kindle ,15.99,Audiobook ,0,Paperback ,29.99,4.6,26466,118,ATVPDKIKX0DER,TLF Company,12/21/2021
118,1982133279,1982133279,Blackout,Candace Owens,Politics & Social Sciences,Social Sciences,USD,19.6,28,www.amazon.com,Kindle ,12.99,Audiobook ,0,Audio CD ,21.33,4.9,20268,2987,ATVPDKIKX0DER,Momma's Media,12/21/2021
119,1630061387,1630061387,Blitz,David Horowitz,Politics & Social Sciences,Politics & Government,USD,11.15,27.99,www.amazon.com,Kindle ,0.99,Audiobook ,0,Audio CD ,22.63,4.7,10917,45894,ATVPDKIKX0DER,EmeraldGems,12/21/2021
120,031602919X,031602919X,Blood Of Elves,Andrzej Sapkowski,Literature & Fiction,Short Stories & Anthologies,USD,6.74,8.99,www.amazon.com,Kindle ,7.99,Audiobook ,0,Paperback ,11.99,4.6,10818,3743,ATVPDKIKX0DER,"Goodwill Retail Services, Inc.",12/21/2021
121,B07ZQFT4B1,,Bloodline,Jess Lourey,"Mystery, Thriller & Suspense",Thrillers & Suspense,USD,9.99,NA,www.amazon.com,Audiobook Audiobook ,0,Paperback ,7.59,Audio CD ,14.99,4.2,17766,1117,,Amazon,12/21/2021
122,170201939X,170201939X,Bloody Alphabet,by Brian Berry (Author),"Crafts, Hobbies & Home",Crafts & Hobbies,USD,13.99,NA,www.amazon.com,,NA,,NA,,NA,4.7,11335,1679,ATVPDKIKX0DER,Amazon,12/21/2021
123,039959356X,039959356X,Blue Moon,Lee Child,Literature & Fiction,Action & Adventure,USD,7.48,9.99,www.amazon.com,Kindle ,9.99,Audiobook ,0,Hardcover ,12.8,4.4,28278,10588,ATVPDKIKX0DER,Amazon,12/21/2021
124,0439845009,0439845009,Bob Books Set 1,Bobby Lynn Maslen,Children's Books,Fiction,USD,10.19,17.99,www.amazon.com,Kindle ,8.99,,NA,,NA,4.8,16234,370,ATVPDKIKX0DER,Goodwill of NNE,12/21/2021
125,0762490411,0762490411,Bob Ross Bobblehead,Bob Ross,Arts & Photography,History & Criticism,USD,6.85,12.95,www.amazon.com,,NA,,NA,,NA,4.7,15696,277,ATVPDKIKX0DER,Amazon,12/21/2021
126,0399588175,0399588175,Born A Crime,Trevor Noah,Biographies & Memoirs,Arts & Literature,USD,13.98,28,www.amazon.com,Kindle ,9.99,Audiobook ,0,Paperback ,10.7,4.8,39852,2877,ATVPDKIKX0DER,Desert Pueblo Books,12/21/2021
127,0310247454,9780310247456,Boundaries,Henry Cloud,Christian Books & Bibles,Christian Living,USD,24.37,NA,www.amazon.com,Kindle ,13.99,Audiobook ,0,Hardcover ,21.95,4.7,18440,85664,A10PKMS7VWJCNG,desert18desert18HarryBat,12/21/2021
128,0310350239,0310350239,Boundaries Updated And Expanded Edition,Henry Cloud,Self-Help,Relationships,USD,21.95,26.99,www.amazon.com,Kindle ,13.99,Audiobook ,0,Paperback ,13.23,4.7,18440,18796,AD4OCGA82CJ4V,Lower-Christian-PricesLower-Christian-Prices,12/21/2021
129,0761149163,0761149163,Brain Quest Workbook,by Janet A. Meyer (Author),Children's Books,Education & Reference,USD,6.8,12.95,www.amazon.com,,NA,,NA,,NA,4.8,10816,2793,ATVPDKIKX0DER,goodwill_ind_of_mid_tn,12/21/2021
130,0060850523,0060850523,Brave New World,Aldous Huxley,Literature & Fiction,United States,USD,11.55,15.99,www.amazon.com,Kindle ,12.49,Audiobook ,0,Hardcover ,17.89,4.6,18262,1727,ATVPDKIKX0DER,gatecitybooks,12/21/2021
131,031606792X,031606792X,Breaking Dawn,Stephenie Meyer,Teen & Young Adult,Science Fiction & Fantasy,USD,17.03,22.99,www.amazon.com,Kindle ,9.99,Audiobook ,0,Paperback ,13.99,4.7,14658,31696,ATVPDKIKX0DER,VMG Books & Media,12/21/2021
132,0735213615,0735213615,Breath,James Nestor,Science & Math,Biological Sciences,USD,20.76,28,www.amazon.com,Kindle ,14.99,Audiobook ,0,Paperback ,15.79,4.7,14703,615,ATVPDKIKX0DER,Whiteforest inc.,12/21/2021
133,0063078902,0063078902,Bridgerton Tv Tie In,Julia Quinn,Literature & Fiction,Women's Fiction,USD,11.54,16.99,www.amazon.com,Kindle ,7.99,Audiobook ,0,Hardcover ,20.49,4.6,32433,3807,ATVPDKIKX0DER,gatecitybooks,12/21/2021
134,0312498586,9780312498580,Bright Baby Touch Feel Baby Animals,Roger Priddy,Children's Books,Early Learning,USD,4.7,NA,www.amazon.com,Kindle ,0,,NA,,NA,4.8,10049,425,ATVPDKIKX0DER,Amazon,12/21/2021
135,0805017445,0805017445,Brown Bear Brown Bear What Do You See,"by Bill Martin Jr. (Author), Eric Carle (Author)",Children's Books,Early Learning,USD,7.69,19.99,www.amazon.com,Kindle ,0,Audiobook ,0,Paperback ,14,4.9,36073,29391,ATVPDKIKX0DER,Murfbooks,12/21/2021
136,0805092447,0805092447,Brown Bear Brown Bear What Do You See My First Reader,"by Bill Martin Jr. (Author), Eric Carle (Illustrator)",Children's Books,Fiction,USD,4.99,8.99,www.amazon.com,Kindle ,0,Audiobook ,0,Paperback ,14,4.9,36073,2008,ATVPDKIKX0DER,Amazon,12/21/2021
137,0593329910,0593329910,Burn After Writing,Sharon Jones,Reference,"Writing, Research & Publishing Guides",USD,6.99,14,www.amazon.com,Spiral-bound ,19.99,,NA,,NA,4.6,19131,153,ATVPDKIKX0DER,Break Time Books,12/21/2021
138,1440579776,1440579776,Bushcraft 101,Dave Canterbury,Reference,Encyclopedias & Subject Guides,USD,10.39,16.99,www.amazon.com,Kindle ,0,Audiobook ,0,Spiral-bound ,22,4.7,17995,417,ATVPDKIKX0DER,Amazon,12/21/2021
139,031242678X,031242678X,Call Me By Your Name,André Aciman,LGBTQ+ Books,Fiction,USD,10.89,17,www.amazon.com,Kindle ,0,Audiobook ,0,Hardcover ,21.08,4.7,16661,140981,ATVPDKIKX0DER,Nextgenbooks,12/21/2021
140,1522864741,1522864741,Calm The F Ck Down,Sasha O'Hara,"Crafts, Hobbies & Home",Crafts & Hobbies,USD,4.99,NA,www.amazon.com,,NA,,NA,,NA,4.6,20010,1024,ATVPDKIKX0DER,Amazon,12/21/2021
141,1524797146,9781524797140,Camino Island,John Grisham,"Mystery, Thriller & Suspense",Mystery,USD,10.13,17,www.amazon.com,Kindle ,9.99,Audiobook ,0,Hardcover ,18.36,4.3,20749,16486,ATVPDKIKX0DER,-OnTimeBooks-,12/21/2021
142,059315777X,059315777X,Camino Winds,John Grisham,"Mystery, Thriller & Suspense",Thrillers & Suspense,USD,7.48,9.99,www.amazon.com,Kindle ,9.99,Audiobook ,0,Hardcover ,12.95,4.4,26661,9011,ATVPDKIKX0DER,-OnTimeBooks-,12/21/2021
143,1544512279,1544512279,Can T Hurt Me,David Goggins,Self-Help,Motivational,USD,17.99,19.99,www.amazon.com,Kindle ,8.99,Audiobook ,0,Hardcover ,19.08,4.8,45758,224,ATVPDKIKX0DER,Amazon,12/21/2021
144,B00OKXCIZI,,Captivated By You,"Jill Redfield (Narrator), Jeremy York (Narrator), Sylvia Day (Author), Brilliance Audio (Publisher) & 1 more",Literature & Fiction,Women's Fiction,USD,9.99,NA,www.amazon.com,Kindle ,11.99,Library Binding ,NA,Paperback ,12.8,4.4,11041,8603,,Amazon,12/21/2021
145,B0106E2CO6,,Career Of Evil,Robert Galbraith,"Mystery, Thriller & Suspense",Thrillers & Suspense,USD,9.99,NA,www.amazon.com,Audiobook Audiobook ,0,Hardcover ,19.42,Paperback ,11.99,4.5,11893,21601,,Amazon,12/21/2021
146,0769646794,0769646794,Carson Dellosa Alphabet Flash Cards Double Sided Uppercase And Lowercase Letter And Sound Recognition With Illustrations Early Reading Comprehension Practice Set,by Brighter Child (Compiler),Children's Books,Early Learning,USD,2.99,NA,www.amazon.com,,NA,,NA,,NA,4.8,15212,468,ATVPDKIKX0DER,Amazon,12/21/2021
147,1483852806,1483852806,Carson Dellosa Bilingual Sight Words Flash Cards Grades K 2 100 Sight Words In English And Spanish Double Sided Cards Reading Readiness Skills For Ages 5,"by Brighter Child (Compiler), Carson-Dellosa Publishing (Compiler)",Children's Books,Education & Reference,USD,2.99,NA,www.amazon.com,,NA,,NA,,NA,4.8,15212,63549,ATVPDKIKX0DER,Amazon,12/21/2021
148,0769646891,0769646891,Carson Dellosa Colors And Shapes Flash Cards Double Sided Essential Shapes Basic Colors Names With Illustrations Early Math And Reading Comprehension Practice Set,by Brighter Child (Compiler),Children's Books,Early Learning,USD,2.99,NA,www.amazon.com,,NA,,NA,,NA,4.7,27689,1136,ATVPDKIKX0DER,Amazon,12/21/2021
149,0769647197,0769647197,Carson Dellosa First Words Flash Cards Double Sided Common Words With Illustrations Basic Animals Food Objects Phonics And Reading Readiness Practice Set,by Brighter Child (Compiler),Children's Books,Early Learning,USD,2.99,NA,www.amazon.com,,NA,,NA,,NA,4.8,40384,848,ATVPDKIKX0DER,Amazon,12/21/2021
150,0593230256,0593230256,Caste,Isabel Wilkerson,History,Americas,USD,14.79,32,www.amazon.com,Kindle ,14.99,Audiobook ,0,Paperback ,44.81,4.8,36306,466,ATVPDKIKX0DER,kichoyproductions,12/21/2021
151,1338712764,1338712764,Cat Kid Comic Club,Dav Pilkey,Children's Books,Animals,USD,7.2,12.99,www.amazon.com,Kindle & comiXology ,7.99,Paperback ,13,,NA,4.9,13965,253,ATVPDKIKX0DER,goodwill_ind_of_mid_tn,12/21/2021
152,0439023491,0439023491,Catching Fire,Suzanne Collins,Teen & Young Adult,Fiction,USD,2,18.99,www.amazon.com,Kindle ,0,Audiobook ,0,Paperback ,7.98,4.7,28969,40233,A1HM5XS61I04DQ,bestbazaarusabestbazaarusa,12/21/2021
153,0545586178,0545586178,Catching Fire,Suzanne Collins,Teen & Young Adult,Fiction,USD,7.98,12.99,www.amazon.com,Kindle ,0,Audiobook ,0,Hardcover ,2,4.7,28969,3330,ATVPDKIKX0DER,Amazon,12/21/2021
154,164152166X,9781641521666,Celebrate Your Body,Sonya Renee TaylorBianca I. Laureano,Children's Books,Growing Up & Facts of Life,USD,8.18,12.99,www.amazon.com,Kindle ,0,Audiobook ,0,Spiral-bound ,18.99,4.8,13191,1278,ATVPDKIKX0DER,Amazon,12/21/2021
155,1623158281,1623158281,Chakra Healing,Margarita Alcantara,Religion & Spirituality,New Age & Spirituality,USD,9.59,15.99,www.amazon.com,Kindle ,7.99,Audiobook ,0,Hardcover ,NA,4.8,20641,207,ATVPDKIKX0DER,"Goodwill Retail Services, Inc.",12/21/2021
156,0500513600,9780500513606,Chanel,by Daniele Bott (Author),Arts & Photography,Graphic Design,USD,24,40,www.amazon.com,,NA,,NA,,NA,4.9,13072,441,ATVPDKIKX0DER,Amazon,12/21/2021
157,0061124958,006112495,Charlotte S Web,E. B WhiteGarth Williams,Children's Books,Animals,USD,5.47,9.99,www.amazon.com,Kindle ,6.99,Audiobook ,0,Paperback ,7.64,4.8,17487,717,ATVPDKIKX0DER,ZBK Books,12/21/2021
158,0756952603,0756952603,Chicka Chicka Boom Boom,John Archambault,Children's Books,Early Learning,USD,18.8,19.8,www.amazon.com,Kindle ,0,Paperback ,8.99,Spiral-bound ,9.99,4.9,28340,190343,ATVPDKIKX0DER,Amazon,12/21/2021
159,1250170974,1250170974,Children Of Blood And Bone,Tomi Adeyemi,Teen & Young Adult,Fiction,USD,12.99,18.99,www.amazon.com,Kindle ,0,Audiobook ,0,Paperback ,12.99,4.7,11663,4619,ATVPDKIKX0DER,IDEALalter,12/21/2021
160,1509871357,9781509871353,Children Of Blood And Bone,Tomi Adeyemi,Teen & Young Adult,Fiction,USD,13.85,NA,www.amazon.com,Kindle ,0,Audiobook ,0,Hardcover ,12.99,4.7,11663,103708,ATVPDKIKX0DER,Bay State Book Company,12/21/2021
161,B08C6Z2C6G,,Choose Me,Tess Gerritsen,"Mystery, Thriller & Suspense",Thrillers & Suspense,USD,9.99,NA,www.amazon.com,Audiobook Audiobook ,0,Hardcover ,10.99,Paperback ,10.93,4.2,27297,1013,,Amazon,12/21/2021
162,0061992887,0061992887,Chronicles Of Narnia Box Set,C. S. Lewis,Children's Books,Fiction,USD,20.33,55,www.amazon.com,Kindle ,29.99,Audiobook ,0,Hardcover ,53.99,4.8,11222,298,ATVPDKIKX0DER,Open Books,12/21/2021
163,125026569X,125026569X,Cilka S Journey,Heather Morris,Literature & Fiction,Fiction,USD,9.84,16.99,www.amazon.com,Kindle ,0,Audiobook ,0,Hardcover ,13,4.7,17630,8439,ATVPDKIKX0DER,Marc Massengale,12/21/2021
164,0316556327,0316556327,Circe,Madeline Miller,Literature & Fiction,Fiction,USD,11.1,16.99,www.amazon.com,Kindle ,11.99,Audiobook ,0,Hardcover ,15.99,4.6,25601,369,ATVPDKIKX0DER,BookOutlet USA,12/21/2021
165,1416914285,1416914285,City Of Bones,Cassandra Clare,Teen & Young Adult,Fiction,USD,13.99,24.99,www.amazon.com,Kindle ,8.99,Audiobook ,0,Paperback ,11.24,4.5,10449,38433,ATVPDKIKX0DER,KWarez Goods and Services,12/21/2021
166,1529342007,1529342007,Clanlands,Sam Heughan,Travel,Europe,USD,14.99,26.99,www.amazon.com,Kindle ,9.99,Audiobook ,0,Paperback ,18.36,4.8,10823,3158,ATVPDKIKX0DER,bookoutlet1,12/21/2021
167,0008305838,0008305838,Code Name Bananas,David Walliams,Children's Books,Fiction,USD,20.43,NA,www.amazon.com,Paperback ,24.78,Audio CD ,17,,NA,4.8,15520,110841,ATVPDKIKX0DER,Bahamut Media,12/21/2021
168,0894864025,0894864025,Codependent No More,Melody Beattie,Self-Help,Relationships,USD,12.99,16.95,www.amazon.com,Library Binding ,29.35,Spiral-bound ,20.99,,NA,4.7,12579,899,ATVPDKIKX0DER,A & K Bookly,12/21/2021
169,9176374882,9176374882,Communist Manifesto,Karl MarxFriedrich Engels,Politics & Social Sciences,Politics & Government,USD,12.83,19.64,www.amazon.com,Kindle ,3.99,Audiobook ,0,Paperback ,3,4.3,10614,87885,ATVPDKIKX0DER,Amazon Warehouse,12/21/2021
170,B08Q7GGMNG,,Constance,Matthew FitzSimmons,"Mystery, Thriller & Suspense",Thrillers & Suspense,USD,9.99,NA,www.amazon.com,Audiobook Audiobook ,0,Hardcover ,14.94,Paperback ,11.99,4.3,10675,1321,,Amazon,12/21/2021
171,0451499069,0451499069,Conversations With Friends,Sally Rooney,Literature & Fiction,Fiction,USD,13.71,17,www.amazon.com,Kindle ,13.99,Audiobook ,0,Hardcover ,22.49,4.2,10119,3036,ATVPDKIKX0DER,Amazon,12/21/2021
172,0380977788,0380977788,Coraline,Neil Gaiman,Children's Books,Growing Up & Facts of Life,USD,13.64,16.99,www.amazon.com,Kindle ,8.99,Audiobook ,0,Paperback ,8.99,4.8,10883,10505,ATVPDKIKX0DER,Jenson Books Inc,12/21/2021
173,0140501738,0140501738,Corduroy,Don Freeman,Children's Books,Animals,USD,7.99,10.95,www.amazon.com,Kindle ,7.99,Audiobook ,0,Hardcover ,10.25,4.9,12752,12760,ATVPDKIKX0DER,FindAnyBook,12/21/2021
174,1943893179,9781943893171,Craving,Helen Hardt,Literature & Fiction,Erotica,USD,10.99,15.99,www.amazon.com,Kindle ,0,Audiobook ,0,Hardcover ,29.99,4.3,24712,47829,ATVPDKIKX0DER,R&K Accounting,12/21/2021
175,1101903910,1101903910,Cravings,Chrissy Teigen,"Cookbooks, Food & Wine",Quick & Easy,USD,25.52,29.99,www.amazon.com,Kindle ,6.99,,NA,,NA,4.7,10229,3495,ATVPDKIKX0DER,Paper & Ink Co.,12/21/2021
176,0692452745,0692452745,Create This Book,Moriah Elizabeth,Self-Help,Creativity,USD,13.99,NA,www.amazon.com,,NA,,NA,,NA,4.8,15317,296,ATVPDKIKX0DER,SFGoodwill,12/21/2021
177,0692168729,0692168729,Create This ,Moriah Elizabeth,Self-Help,Creativity,USD,13.99,NA,www.amazon.com,,NA,,NA,,NA,4.8,12878,439,ATVPDKIKX0DER,Mariah’s Materials,12/21/2021
178,1250076978,1250076978,Crooked Kingdom,Leigh Bardugo,Teen & Young Adult,Fiction,USD,7.38,11.99,www.amazon.com,Kindle ,9.99,Audiobook ,0,Hardcover ,24.25,4.7,15438,2822,ATVPDKIKX0DER,Amazon,12/21/2021
179,B07TMN6WR7,,Cross Her Heart,Melinda Leigh,"Mystery, Thriller & Suspense",Thrillers & Suspense,USD,9.99,NA,www.amazon.com,Audiobook Audiobook ,0,Hardcover ,17.99,Paperback ,6.99,4.5,10275,395,,Amazon,12/21/2021
180,1619630621,1619630621,Crown Of Midnight,Sarah J. Maas,Teen & Young Adult,Fiction,USD,16.99,19.99,www.amazon.com,Kindle ,6.65,Audiobook ,0,Paperback ,10.49,4.7,13953,19930,ATVPDKIKX0DER,Amazon,12/21/2021
181,1623159911,1623159911,Crystals For Beginners,Karen Frazier,Religion & Spirituality,New Age & Spirituality,USD,8.99,14.99,www.amazon.com,Kindle ,0,Spiral-bound ,17.96,MP3 CD ,9.97,4.8,26575,60,ATVPDKIKX0DER,Amazon,12/21/2021
182,1979369658,1979369658,Dad Jokes,Share The Love Gifts,Humor & Entertainment,Humor,USD,6.99,8.99,www.amazon.com,Kindle ,0,,NA,,NA,4.5,10545,71,ATVPDKIKX0DER,Clickgoodwill,12/21/2021
183,1524798649,1524798649,Daisy Jones The Six,Taylor Jenkins Reid,Literature & Fiction,Fiction,USD,10.16,17,www.amazon.com,Kindle ,12.99,Audiobook ,0,Hardcover ,22.4,4.4,18056,618,ATVPDKIKX0DER,Amazon,12/21/2021
184,0399592520,8925598914,Dare To Lead,Brené Brown,Business & Money,Management & Leadership,USD,10.39,28,www.amazon.com,Kindle ,12.99,Audiobook ,0,Paperback ,16,4.7,12948,343,ATVPDKIKX0DER,Amazon,12/21/2021
185,1592408419,1592408419,Daring Greatly,Brené Brown,Self-Help,Relationships,USD,13.3,17,www.amazon.com,Kindle ,12.99,Audiobook ,0,Hardcover ,13.58,4.8,10180,782,ATVPDKIKX0DER,-OnTimeBooks-,12/21/2021
186,1101904240,1101904240,Dark Matter,Blake Crouch,Literature & Fiction,Action & Adventure,USD,14.99,17,www.amazon.com,Kindle ,13.99,Audiobook ,0,Hardcover ,21.03,4.5,13742,4554,ATVPDKIKX0DER,The BAP Goods,12/21/2021
187,B0028TY1CO,,Dark Places,"Gillian Flynn (Author), Rebecca Lowman (Narrator), Cassandra Campbell (Narrator), Mark Deakins (Narrator), Robertson Dean (Narrator), Random House Audio (Publisher) & 3 more","Mystery, Thriller & Suspense",Mystery,USD,9.99,NA,www.amazon.com,Kindle ,8.99,Library Binding ,35.56,Paperback ,9.99,4.2,16028,2218,,Amazon,12/21/2021
188,1538731754,1538731754,Dark Sacred Night,Michael Connelly,"Mystery, Thriller & Suspense",Thrillers & Suspense,USD,14.49,16.99,www.amazon.com,Kindle ,9.99,Audiobook ,0,Hardcover ,15.99,4.6,10334,23612,ATVPDKIKX0DER,-OnTimeBooks-,12/21/2021
189,0385543913,0385543913,Darker,E L James,Literature & Fiction,Women's Fiction,USD,11.94,17.99,www.amazon.com,Kindle ,7.99,Audiobook ,0,Audio CD ,50,4.8,14127,11710,ATVPDKIKX0DER,MediaFlow,12/21/2021
190,125085055X,125085055X,Dawnshard,Brandon Sanderson,Literature & Fiction,Action & Adventure,USD,9.99,10.99,www.amazon.com,Kindle ,7.99,,NA,,NA,4.8,13862,8296,ATVPDKIKX0DER,Amazon,12/21/2021
191,1538761653,1538761653,Daylight,David Baldacci,Literature & Fiction,Action & Adventure,USD,13.47,16.99,www.amazon.com,Kindle ,11.99,Audiobook ,0,Hardcover ,15.17,4.5,26102,10298,ATVPDKIKX0DER,Rye Berry Books,12/21/2021
192,073521672X,073521672X,Deacon King Kong,James McBride,Literature & Fiction,United States,USD,12.59,28,www.amazon.com,Kindle ,12.99,Audiobook ,0,Paperback ,14.99,4.5,12777,10366,ATVPDKIKX0DER,usedbooks2ya,12/21/2021
193,0316420255,0316420255,Deadly Cross,James Patterson,"Mystery, Thriller & Suspense",Thrillers & Suspense,USD,14.31,29,www.amazon.com,Kindle ,11.99,Audiobook ,0,Paperback ,13.58,4.7,19820,8460,ATVPDKIKX0DER,FindAnyBook,12/21/2021
194,141694737X,9781416947370,Dear Zoo,Rod Campbell,Children's Books,Animals,USD,4.98,6.99,www.amazon.com,Paperback ,10.51,Board book ,23.85,,NA,4.8,14056,264,ATVPDKIKX0DER,Amazon,12/21/2021
195,1455586692,1455586692,Deep Work,Cal Newport,Business & Money,Job Hunting & Careers,USD,14.99,28,www.amazon.com,Kindle ,15.99,Audiobook ,0,Paperback ,13.68,4.6,10449,2524,ATVPDKIKX0DER,Dc953's book lounge!,12/21/2021
196,0345533666,0345533666,Defending Jacob,William Landay,"Mystery, Thriller & Suspense",Thrillers & Suspense,USD,12.78,17,www.amazon.com,Kindle ,11.99,Audiobook ,0,Hardcover ,22.97,4.4,13375,17997,ATVPDKIKX0DER,-OnTimeBooks-,12/21/2021
197,B08TT18BGC,,Den Of Vipers,"K.A. Knight (Author), Cornell Collins (Narrator), Hollie Jackson (Narrator), Podium Audio (Publisher) & 1 more",Romance,Contemporary,USD,9.99,NA,www.amazon.com,Kindle ,0,Paperback ,19.79,,NA,4.3,10293,1756,,Amazon,12/21/2021
198,1542019508,1542019508,Devoted,Dean Koontz,Literature & Fiction,Action & Adventure,USD,12.79,28.99,www.amazon.com,Kindle ,0,Audiobook ,0,Paperback ,10.99,4.4,17286,10117,ATVPDKIKX0DER,Blue Umbrella Books,12/21/2021
199,9386217961,9789386217967,Diagnostic And Statistical Manual Of Mental Disorders 5th Edition,"by The Committee on Nomenclature and Statistics of the American Psychiatric Association (Author), Chairman Ernest M Gruenberg (Editor)","Health, Fitness & Dieting",Psychology & Counseling,USD,28.95,35.98,www.amazon.com,Hardcover ,38.5,,NA,,NA,4.7,10487,120849,A1MLN0Z8GRJRSL,Del viewDel viewBooks N Media,12/21/2021
200,0986444138,9780986444135,Diary Of A Minecraft Zombie Book 1,Zack Zombie,Children's Books,"Activities, Crafts & Games",USD,5.71,NA,www.amazon.com,Kindle ,0,Audiobook ,0,Hardcover ,11.99,4.7,10062,526,ATVPDKIKX0DER,Clean Earth Books,12/21/2021
201,B0051XV5Y6,1419741853,Diary Of A Wimpy Kid,Jeff Kinney,Children's Books,Humor,USD,9.48,14.99,www.amazon.com,Kindle & comiXology ,1.99,Audiobook ,0,Paperback ,9.26,4.8,12027,251,ATVPDKIKX0DER,Goodwill of Dayton Ohio,12/21/2021
202,B001NHNG64,,Die Trying,Lee Child,"Mystery, Thriller & Suspense",Thrillers & Suspense,USD,9.99,NA,www.amazon.com,Audiobook Audiobook ,0,Hardcover ,30.99,Paperback ,16.34,4.5,13440,4727,,Amazon,12/21/2021
203,1546595902,1546595902,Difficult Riddles For Smart Kids,M Prefontaine,Children's Books,"Activities, Crafts & Games",USD,5.99,NA,www.amazon.com,Kindle ,0,,NA,,NA,4.6,23170,4,ATVPDKIKX0DER,Amazon,12/21/2021
204,1510764690,1510764690,Disloyal,Michael Cohen,Biographies & Memoirs,Leaders & Notable People,USD,15.95,32.5,www.amazon.com,Kindle ,16.99,Audiobook ,0,,NA,4.6,30362,10052,ATVPDKIKX0DER,Jager Trader,12/21/2021
205,1449483186,1449483186,Disney Dreams Collection Thomas Kinkade Studios Coloring Book,Thomas Kinkade,"Crafts, Hobbies & Home",Crafts & Hobbies,USD,6.79,12.99,www.amazon.com,Spiral-bound ,18.49,,NA,,NA,4.7,24370,133,ATVPDKIKX0DER,goodwill_ind_of_mid_tn,12/21/2021
206,0062024027,9780062024022,Divergent,Veronica Roth,Teen & Young Adult,Fiction,USD,10.81,18.99,www.amazon.com,Kindle ,0,Audiobook ,0,Paperback ,8.46,4.6,29549,24645,ATVPDKIKX0DER,-OnTimeBooks-,12/21/2021
207,0063040514,0063040514,Divergent 10th Anniversary Edition,Veronica Roth,Teen & Young Adult,Fiction,USD,8.39,12.99,www.amazon.com,Kindle ,0,Audiobook ,0,Hardcover ,10.81,4.6,29549,62960,ATVPDKIKX0DER,glenthebookseller,12/21/2021
208,0062024043,9780062024046,Insurgent,Veronica Roth,Teen & Young Adult,Fiction,USD,11.99,17.99,www.amazon.com,Kindle ,10.99,Audiobook ,0,Paperback ,11.49,4.6,19489,49034,ATVPDKIKX0DER,SIMYAH,12/21/2021
209,1982131802,1982131802,Doctor Sleep,Stephen King,"Mystery, Thriller & Suspense",Thrillers & Suspense,USD,14.03,18.99,www.amazon.com,Kindle ,9.99,Audiobook ,0,Hardcover ,15.73,4.7,21735,8975,ATVPDKIKX0DER,K&L SALES L.L.C.,12/21/2021
210,0545935172,0545935172,Dog Man,Dav Pilkey,Children's Books,Comics & Graphic Novels,USD,5.96,9.99,www.amazon.com,Kindle & comiXology ,5.99,Paperback ,14.57,,NA,4.9,13336,8678,ATVPDKIKX0DER,Gulf Coast Books LLC,12/21/2021
211,1407192167,1407192167,Dog Man 5,Dav Pilkey,Children's Books,Animals,USD,14.57,NA,www.amazon.com,Kindle & comiXology ,5.99,Hardcover ,5.96,,NA,4.9,13336,161548,ATVPDKIKX0DER,Hippo Books,12/21/2021
212,0545935180,0545935180,Dog Man And Cat Kid,Dav Pilkey,Children's Books,Comics & Graphic Novels,USD,5.96,9.99,www.amazon.com,Kindle & comiXology ,5.99,Paperback ,16.84,,NA,4.9,13253,15603,ATVPDKIKX0DER,goodwill_ind_of_mid_tn,12/21/2021
213,0545935202,0545935202,Dog Man Unleashed,Dav Pilkey,Children's Books,Comics & Graphic Novels,USD,6.98,9.99,www.amazon.com,Kindle & comiXology ,5.99,Paperback ,14.11,,NA,4.9,13893,11257,ATVPDKIKX0DER,VMG Books & Media,12/21/2021
214,B07S4MFSFG,,Don T Make A Sound,T.R. Ragan,"Mystery, Thriller & Suspense",Thrillers & Suspense,USD,9.99,NA,www.amazon.com,Audiobook Audiobook ,0,Paperback ,9.45,Audio CD ,8.81,4.3,12101,3720,,Amazon,12/21/2021
215,1419741977,1419741977,Double Down,Jeff Kinney,Children's Books,Humor,USD,8.78,14.99,www.amazon.com,Kindle & comiXology ,1.99,Audiobook ,0,Paperback ,9.74,4.8,10804,856,ATVPDKIKX0DER,worldofbooksinc,12/21/2021
216,0375851569,0375851569,Dr Seuss S Beginner Book Collection,Dr. Seuss,Literature & Fiction,Poetry,USD,26.47,49.95,www.amazon.com,,NA,,NA,,NA,4.9,17588,176,ATVPDKIKX0DER,Collect Musings,12/21/2021
217,1607105519,1607105519,Dracula,Bram Stoker,Literature & Fiction,Fiction,USD,9.97,14.99,www.amazon.com,Kindle ,0,Audiobook ,0,Hardcover ,11.69,4.6,10756,301488,ATVPDKIKX0DER,New Legacy Books,12/21/2021
218,0385302312,0385302312,Dragonfly In Amber,Diana Gabaldon,Literature & Fiction,Fiction,USD,21.49,36,www.amazon.com,Kindle ,7.99,Audiobook ,0,Paperback ,13.59,4.8,18323,20744,ATVPDKIKX0DER,Amazon,12/21/2021
219,0803736800,0803736800,Dragons Love Tacos,Adam RubinDaniel Salmieri,Children's Books,"Fairy Tales, Folk Tales & Myths",USD,8.95,18.99,www.amazon.com,Kindle ,10.99,Audiobook ,0,Paperback ,15.99,4.7,12520,85,ATVPDKIKX0DER,FindAnyBook,12/21/2021
220,B084RJZ7ZX,,Drown Her Sorrows,Melinda Leigh,"Mystery, Thriller & Suspense",Thrillers & Suspense,USD,9.99,NA,www.amazon.com,Audiobook Audiobook ,0,Hardcover ,13.19,Paperback ,10.99,4.6,10010,532,,Amazon,12/21/2021
221,0143111582,9780143111580,Dune,Frank Herbert,Literature & Fiction,United States,USD,21.49,30,www.amazon.com,Kindle ,9.99,Audiobook ,0,Paperback ,8.24,4.7,43289,3923,ATVPDKIKX0DER,Amazon,12/21/2021
222,0786966629,0786966629,Dungeons Dragons Core Rulebooks Gift Set,Wizards RPG Team,Literature & Fiction,Action & Adventure,USD,87.17,169.95,www.amazon.com,,NA,,NA,,NA,4.9,11246,654,ATVPDKIKX0DER,bellwetherbooks,12/21/2021
223,0786965622,9780786965625,Dungeons Dragons Dungeon Master S Guide,Wizards RPG Team,Humor & Entertainment,Puzzles & Games,USD,33.86,49.95,www.amazon.com,,NA,,NA,,NA,4.9,21769,499,ATVPDKIKX0DER,Goodwill of Silicon Valley,12/21/2021
224,0786966831,0786966831,Dungeons Dragons Essentials Kit,by Wizards RPG Team (Author),Literature & Fiction,Action & Adventure,USD,15.49,24.99,www.amazon.com,,NA,,NA,,NA,4.8,13374,781,ATVPDKIKX0DER,Amazon,12/21/2021
225,0786965614,0786966750,Dungeons Dragons Monster Manual,Wizards RPG Team,Humor & Entertainment,Puzzles & Games,USD,27.49,49.95,www.amazon.com,,NA,,NA,,NA,4.9,20764,482,ATVPDKIKX0DER,glenthebookseller,12/21/2021
226,0786965592,0786965592,Dungeons Dragons Starter Set,Wizards RPG Team,Humor & Entertainment,Puzzles & Games,USD,8.62,19.99,www.amazon.com,,NA,,NA,,NA,4.7,15418,643,ATVPDKIKX0DER,Amazon,12/21/2021
227,0515143820,0515143820,Echo Burning,Lee Child,"Mystery, Thriller & Suspense",Thrillers & Suspense,USD,4.5,9.99,www.amazon.com,Kindle ,9.99,Audiobook ,0,Hardcover ,22.9,4.5,10626,15158,ATVPDKIKX0DER,Amazon,12/21/2021
228,0316160202,0316160202,Eclipse,Stephenie Meyer,Literature & Fiction,Fiction,USD,19.79,22.99,www.amazon.com,Kindle ,9.99,Audiobook ,0,Paperback ,16.99,4.7,10532,35757,ATVPDKIKX0DER,California Book Bag,12/21/2021
229,B00JPCCJFS,,Edge Of Eternity,Ken Follett,"Mystery, Thriller & Suspense",Thrillers & Suspense,USD,9.99,NA,www.amazon.com,Kindle ,9.99,Audiobook ,0,Library Binding ,5.82,4.2,18944,281839,,Amazon,12/21/2021
230,0399590501,0099511029,Educated,Tara Westover,Biographies & Memoirs,Community & Culture,USD,13,28,www.amazon.com,Kindle ,12.99,Audiobook ,0,Paperback ,16.99,4.7,57982,540,ATVPDKIKX0DER,-OnTimeBooks-,12/21/2021
231,0735220689,0735220689,Eleanor Oliphant Is Completely Fine,Gail Honeyman,Literature & Fiction,Fiction,USD,13.53,27,www.amazon.com,Kindle ,11.99,Audiobook ,0,Paperback ,12.78,4.5,49889,21453,ATVPDKIKX0DER,Vivé Liber Books LLC,12/21/2021
232,0062301233,9780062301239,Elon Musk,Ashlee Vance,Engineering & Transportation,Engineering,USD,16.99,32.5,www.amazon.com,Kindle ,11.99,Audiobook ,0,Paperback ,13.99,4.7,13319,5590,ATVPDKIKX0DER,Vivé Liber Books LLC,12/21/2021
233,1542019850,1542019850,Elsewhere,Dean Koontz,Literature & Fiction,Fiction,USD,13.29,28.99,www.amazon.com,Kindle ,0,Audiobook ,0,Paperback ,8.99,4.5,10203,16590,ATVPDKIKX0DER,Friends of Fauquier Library,12/21/2021
234,1619636093,1619636093,Empire Of Storms,Sarah J. Maas,Teen & Young Adult,Fiction,USD,10.79,11.99,www.amazon.com,Kindle ,7.1,Audiobook ,0,Hardcover ,49.95,4.8,12840,7647,ATVPDKIKX0DER,Clean Earth Books,12/21/2021
235,1416591052,9781416591054,Empire Of The Summer Moon,S. C. Gwynne,Biographies & Memoirs,Community & Culture,USD,17.41,28.99,www.amazon.com,Kindle ,13.99,Audiobook ,0,Paperback ,12.29,4.8,10915,4871,ATVPDKIKX0DER,Blue Cat Trading LLC,12/21/2021
236,0765378485,0765378485,Ender S Game,Orson Scott Card,Teen & Young Adult,Science Fiction & Fantasy,USD,9.34,12.99,www.amazon.com,Kindle ,0,Audiobook ,0,Hardcover ,9.49,4.6,15984,44343,ATVPDKIKX0DER,Valleys Books & More,12/21/2021
237,1982164883,1982164883,Enemy At The Gates,Kyle Mills,"Mystery, Thriller & Suspense",Thrillers & Suspense,USD,14.08,28.99,www.amazon.com,Kindle ,14.99,Audiobook ,0,Paperback ,NA,4.6,11384,2498,ATVPDKIKX0DER,Kevabooks,12/21/2021
238,B00BR1FKPG,,Entwined With You,"Jill Redfield (Narrator), Sylvia Day (Author), Brilliance Audio (Publisher) & 0 more",Literature & Fiction,Women's Fiction,USD,9.99,NA,www.amazon.com,Kindle ,9.99,Hardcover ,24.23,Paperback ,14.49,4.3,13004,5040,,Amazon,12/21/2021
239,1538728540,1538728540,Every Breath,Nicholas Sparks,Literature & Fiction,Fiction,USD,9.13,15.99,www.amazon.com,Kindle ,9.99,Audiobook ,0,Hardcover ,24.19,4.7,12905,9306,ATVPDKIKX0DER,Amazon,12/21/2021
240,1542020190,1542020190,Every Last Secret,A. R. Torre,"Mystery, Thriller & Suspense",Thrillers & Suspense,USD,11.95,15.95,www.amazon.com,Kindle ,0,Audiobook ,0,Audio CD ,14.99,4.3,21376,5084,ATVPDKIKX0DER,Amazon,12/21/2021
241,0762492791,0762492791,Everyday Tarot Mini Tarot Deck,Brigit Esselmont,Religion & Spirituality,New Age & Spirituality,USD,10.39,12.95,www.amazon.com,,NA,,NA,,NA,4.8,10863,5521,ATVPDKIKX0DER,Amazon,12/21/2021
242,0143127551,0143127551,Everything I Never Told You,Celeste Ng,Literature & Fiction,Fiction,USD,7.25,17,www.amazon.com,Kindle ,13.99,Audiobook ,0,Hardcover ,15.39,4.3,21486,2757,ATVPDKIKX0DER,Vivé Liber Books LLC,12/21/2021
243,B07BGGB9DX,,Everything You Need To Ace Math In One Big Fat Notebook,Workman Publishing,Children's Books,Education & Reference,USD,9.99,NA,www.amazon.com,Paperback ,10.27,,NA,,NA,4.7,13674,44286,,Amazon,12/21/2021
244,1250183863,9781250183866,Extreme Ownership,Jocko Willink,Biographies & Memoirs,Leaders & Notable People,USD,14.49,28.99,www.amazon.com,Kindle ,0,Audiobook ,0,Paperback ,18,4.8,21179,258,ATVPDKIKX0DER,Abundance Booksellers,12/21/2021
245,1250107814,1250107814,Factfulness,Hans RoslingAnna Rosling RönnlundOla Rosling,Science & Math,Mathematics,USD,14.79,27.99,www.amazon.com,Kindle ,0,Audiobook ,0,Paperback ,11.59,4.6,11404,17781,ATVPDKIKX0DER,Vivé Liber Books LLC,12/21/2021
246,1451673310,9781451673319,Fahrenheit 451,Ray Bradbury,Politics & Social Sciences,Politics & Government,USD,8.29,17,www.amazon.com,Kindle ,12.99,Audiobook ,0,Hardcover ,19.98,4.6,24966,839,ATVPDKIKX0DER,-OnTimeBooks-,12/21/2021
247,1538736330,1538736330,Fair Warning,Michael Connelly,"Mystery, Thriller & Suspense",Thrillers & Suspense,USD,11.28,16.99,www.amazon.com,Kindle ,9.99,Audiobook ,0,Hardcover ,13.51,4.5,21790,27365,ATVPDKIKX0DER,-OnTimeBooks-,12/21/2021
248,1250787831,1250787831,Faithless In Death,J. D. Robb,"Mystery, Thriller & Suspense",Thrillers & Suspense,USD,17,19.99,www.amazon.com,Kindle ,9.99,Audiobook ,0,Hardcover ,14.35,4.8,15737,192319,ATVPDKIKX0DER,indoobestsellers,12/21/2021
249,0451232577,0451232577,Fall Of Giants,Ken Follett,Literature & Fiction,Fiction,USD,14.67,25,www.amazon.com,Kindle ,7.99,Audiobook ,0,Hardcover ,22.97,4.5,15638,95386,ATVPDKIKX0DER,Dio Evolutions,12/21/2021
250,0702306878,0702306878,Fetch 22,Dav Pilkey,Children's Books,Animals,USD,16.37,NA,www.amazon.com,Kindle & comiXology ,7.99,Hardcover ,7.76,,NA,4.9,24755,85613,A2LV0SRZBF8L1P,BOOKS etc. _BOOKS etc. _Bahamut Media,12/21/2021
251,B007UWP5AG,,Fifty Shades Darker,"Becca Battoe (Narrator), E. L. James (Author), Random House Audio (Publisher) & 0 more",Literature & Fiction,Women's Fiction,USD,9.99,NA,www.amazon.com,Kindle ,7.99,Hardcover ,7.02,Paperback ,10.33,4.5,30399,918,,Amazon,12/21/2021
252,B007UWPAD8,,Fifty Shades Freed,"Becca Battoe (Narrator), E. L. James (Author), Random House Audio (Publisher) & 0 more",Literature & Fiction,Women's Fiction,USD,9.99,NA,www.amazon.com,Kindle ,7.99,Hardcover ,18,Paperback ,11.16,4.5,30171,1073,,Amazon,12/21/2021
253,B007R07BK8,,Fifty Shades Of Grey,"Becca Battoe (Narrator), E. L. James (Author), Random House Audio (Publisher) & 0 more",Literature & Fiction,Women's Fiction,USD,9.99,NA,www.amazon.com,Kindle ,5.99,Hardcover ,26.95,Paperback ,13.99,4,56623,475,,Amazon,12/21/2021
254,B00U7U0CJW,,Finders Keepers,"Stephen King (Author), Will Patton (Narrator), Simon & Schuster Audio (Publisher) & 0 more",Literature & Fiction,Fiction,USD,9.99,NA,www.amazon.com,Kindle ,8.99,Hardcover ,11.1,Paperback ,14.99,4.6,10945,2161,,Amazon,12/21/2021
255,0063046105,0063046105,Finding Freedom,Omid ScobieCarolyn Durand,Biographies & Memoirs,Leaders & Notable People,USD,16.62,27.99,www.amazon.com,Kindle ,11.99,Audiobook ,0,Paperback ,11.19,4.2,12951,45468,ATVPDKIKX0DER,TrustedMarketing,12/21/2021
256,1250158060,1250158060,Fire And Fury,Michael Wolff,Biographies & Memoirs,Leaders & Notable People,USD,9.47,30,www.amazon.com,Kindle ,11.99,Audiobook ,0,Paperback ,12.05,4.2,16687,40749,A1FH9EIAVVX1VZ,JCK-ShopJCK-Shopgiggil,12/21/2021
257,152479628X,152479628X,Fire Blood,George R. R. Martin,Literature & Fiction,Action & Adventure,USD,24.48,35,www.amazon.com,Kindle ,9.99,Audiobook ,0,Paperback ,14.86,4.6,10519,9241,ATVPDKIKX0DER,Red Pool,12/21/2021
258,0312537077,0312537077,Firefly Lane,Kristin Hannah,Literature & Fiction,Fiction,USD,10.7,17.99,www.amazon.com,Kindle ,9.99,Audiobook ,0,Hardcover ,25.95,4.6,23783,3564,ATVPDKIKX0DER,-OnTimeBooks-,12/21/2021
259,0312521065,0312521065,First 100 Board Book Box Set,Roger Priddy,Children's Books,Education & Reference,USD,13.17,17.97,www.amazon.com,,NA,,NA,,NA,4.8,11915,950,ATVPDKIKX0DER,Goodwill Minnesota,12/21/2021
260,0312510780,0312510780,First 100 Words,Roger Priddy,Children's Books,Education & Reference,USD,4.78,5.99,www.amazon.com,Kindle ,0,Hardcover ,13.95,,NA,4.7,31423,607,ATVPDKIKX0DER,Amazon,12/21/2021
261,0545231493,9780545231497,First Little Readers Parent Pack,Deborah Schecter,Children's Books,Fiction,USD,13.29,20.99,www.amazon.com,,NA,,NA,,NA,4.7,23367,228,ATVPDKIKX0DER,Amazon,12/21/2021
262,1338233580,1338233580,Flash Cards,"by Scholastic Teacher Resources (Author), Scholastic (Author)",Education & Teaching,Schools & Teaching,USD,2.88,3.49,www.amazon.com,,NA,,NA,,NA,4.8,12777,260,ATVPDKIKX0DER,Amazon,12/21/2021
263,160774273X,160774273X,Flour Water Salt Yeast,Ken Forkish,"Cookbooks, Food & Wine",Baking,USD,17.39,35,www.amazon.com,Kindle ,18.99,,NA,,NA,4.8,10845,327,ATVPDKIKX0DER,Amazon,12/21/2021
264,1250031818,1250031818,Fly Away,Kristin Hannah,Literature & Fiction,Fiction,USD,10.67,17.99,www.amazon.com,Kindle ,11.99,Audiobook ,0,Hardcover ,31.88,4.5,13223,6203,ATVPDKIKX0DER,-OnTimeBooks-,12/21/2021
265,B00SLWQGUM,,Follow You Home,Mark Edwards,"Mystery, Thriller & Suspense",Thrillers & Suspense,USD,9.99,NA,www.amazon.com,Audiobook Audiobook ,0,Paperback ,11.95,Audio CD ,14.29,4.1,10371,16415,,Amazon,12/21/2021
266,0718039874,0718039874,Forgiving What You Can T Forget,Lysa TerKeurst,Christian Books & Bibles,Christian Living,USD,14.4,26.99,www.amazon.com,Kindle ,14.99,Audiobook ,0,Paperback ,28.7,4.8,16219,993,ATVPDKIKX0DER,California Book Bag,12/21/2021
267,1250272815,1250272815,Forgotten In Death,J. D. Robb,"Mystery, Thriller & Suspense",Thrillers & Suspense,USD,17.93,28.99,www.amazon.com,Kindle ,14.99,Audiobook ,0,Paperback ,25.42,4.8,12138,9714,ATVPDKIKX0DER,California Book Bag,12/21/2021
268,1615190619,1615190619,Forks Over Knives The Cookbook,Del Sroufe,"Crafts, Hobbies & Home",Home Improvement & Design,USD,11.26,18.95,www.amazon.com,Kindle ,8.61,Library Binding ,NA,,NA,4.5,11851,1766,ATVPDKIKX0DER,Vivé Liber Books LLC,12/21/2021
269,1982154853,1982154853,Fortune And Glory,Janet Evanovich,Literature & Fiction,Humor & Satire,USD,13.48,17,www.amazon.com,Kindle ,8.99,Audiobook ,0,Hardcover ,16.9,4.6,20109,4886,ATVPDKIKX0DER,drg products,12/21/2021
270,0553293354,0553293354,Foundation,Isaac Asimov,Literature & Fiction,United States,USD,6.79,7.99,www.amazon.com,Kindle ,7.99,Audiobook ,0,School & Library Binding ,18.8,4.5,10805,2427,ATVPDKIKX0DER,Bay State Book Company,12/21/2021
271,0307931803,9780307931801,Fox In Socks,Dr. Seuss,Children's Books,Early Learning,USD,3.4,4.99,www.amazon.com,Kindle ,7.99,Audiobook ,0,Hardcover ,4.96,4.9,11778,29711,ATVPDKIKX0DER,Amazon,12/21/2021
272,0593203399,0593203399,Frankenstein,by Mary Shelley (Author),Teen & Young Adult,Science Fiction & Fantasy,USD,11.39,12.99,www.amazon.com,Kindle ,0.99,Audiobook ,0,Paperback ,5.46,4.6,11198,50485,ATVPDKIKX0DER,BookOutlet USA,12/21/2021
273,B08Y97CJQV,,Freed,"E. L. James (Author), Zachary Webber (Narrator), Random House Audio (Publisher) & 0 more",Literature & Fiction,Women's Fiction,USD,9.99,NA,www.amazon.com,Kindle ,5.36,Library Binding ,31.99,Paperback ,5.73,4.7,11213,949,,Amazon,12/21/2021
274,1952457009,1952457009,From Blood And Ash,Jennifer L. Armentrout,Science Fiction & Fantasy,Fantasy,USD,18.99,NA,www.amazon.com,Kindle ,7.99,Audiobook ,0,Hardcover ,31.99,4.7,29970,790,ATVPDKIKX0DER,Glids Music and Books,12/21/2021
275,1452179611,1452179611,From Crook To Cook,"by Snoop Dogg (Author), Ryan Ford","Cookbooks, Food & Wine",Regional & International,USD,17.46,24.95,www.amazon.com,Kindle ,9.99,,NA,,NA,4.8,20842,127,ATVPDKIKX0DER,Hippo Books,12/21/2021
276,1537498649,1537498649,Fucking Adorable Cute Critters With Foul Mouths,Heather Land,"Crafts, Hobbies & Home",Crafts & Hobbies,USD,4.99,NA,www.amazon.com,,NA,,NA,,NA,4.7,20744,2315,ATVPDKIKX0DER,Amazon,12/21/2021
277,1601429649,1601429649,Get Out Of Your Head,Jennie Allen,Christian Books & Bibles,Christian Living,USD,14,23.99,www.amazon.com,Kindle ,14.99,Audiobook ,0,,NA,4.7,18506,866,ATVPDKIKX0DER,Amazon,12/21/2021
278,0545392551,0545392551,Giraffes Can T Dance,Giles AndreaeGuy Parker-Rees,Children's Books,"Arts, Music & Photography",USD,6.28,6.99,www.amazon.com,Hardcover ,15.29,Paperback ,11.61,Audio CD ,10.99,4.8,27188,913,ATVPDKIKX0DER,glenthebookseller,12/21/2021
279,B07YNJ2JZM,,Girl Gone Mad,Avery Bishop,"Mystery, Thriller & Suspense",Thrillers & Suspense,USD,9.99,NA,www.amazon.com,Audiobook Audiobook ,0,Paperback ,6.99,Audio CD ,5.17,4.3,12595,3805,,Amazon,12/21/2021
280,1400209609,1400209609,Girl Stop Apologizing,Rachel Hollis,Business & Money,Business Culture,USD,17.41,27.99,www.amazon.com,Kindle ,13.49,Audiobook ,0,Paperback ,12.64,4.6,13502,9285,ATVPDKIKX0DER,-OnTimeBooks-,12/21/2021
281,1400201659,9781400201655,Girl Wash Your Face,Rachel Hollis,Christian Books & Bibles,Christian Living,USD,13.67,26.99,www.amazon.com,Kindle ,0,Audiobook ,0,Paperback ,13,4.6,26448,2942,ATVPDKIKX0DER,Kelso's Media,12/21/2021
282,B082NN6JFN,,Girls Of Brackenhill,Kate Moretti,"Mystery, Thriller & Suspense",Thrillers & Suspense,USD,9.99,NA,www.amazon.com,Audiobook Audiobook ,0,Paperback ,7.99,Audio CD ,11.4,4.1,17634,8604,,Amazon,12/21/2021
283,1617750255,1617750255,Go The F K To Sleep,Adam Mansbach,Humor & Entertainment,Humor,USD,10.65,15.95,www.amazon.com,Kindle ,6.99,Audiobook ,0,Audio CD ,15.76,4.8,15181,442,ATVPDKIKX0DER,Lee B Supply,12/21/2021
284,0307729915,0307729915,God Gave Us You,Lisa Tawn BergrenLaura J. Bryant,Children's Books,Fiction,USD,6.29,6.99,www.amazon.com,Kindle ,4.99,Audiobook ,0,Hardcover ,9.89,4.9,18171,10533,ATVPDKIKX0DER,Jerz Products LLC,12/21/2021
285,0316420085,0316420085,Golden Girl,Elin Hilderbrand,Literature & Fiction,Fiction,USD,14.5,29,www.amazon.com,Kindle ,14.99,Audiobook ,0,Paperback ,17.99,4.6,19721,1575,ATVPDKIKX0DER,SRS Company,12/21/2021
286,B0088UT8IO,,Gone Girl,"Julia Whelan (Narrator), Kirby Heyborne (Narrator), Gillian Flynn (Author), Random House Audio (Publisher) & 1 more","Mystery, Thriller & Suspense",Thrillers & Suspense,USD,9.99,NA,www.amazon.com,Kindle ,9.99,Hardcover ,14.34,Paperback ,14.24,4.1,63442,984,,Amazon,12/21/2021
287,B08XVZSCM9,,Good As Dead,"Susan Walter (Author), Kimberly Woods (Narrator), Suzanne Elise Freeman (Narrator), James Anderson Foster (Narrator), Selah Victor (Narrator), Jack Turner (Narrator), Seth Podowitz (Narrator), Brilliance Audio (Publisher) & 5 more",Literature & Fiction,Fiction,USD,9.99,NA,www.amazon.com,Kindle ,0,Paperback ,10.95,Audio CD ,11.91,4.3,10996,20166,,Amazon,12/21/2021
288,1976436184,1976436184,Good Days Start With Gratitude,by Pretty Simple Press (Author),Self-Help,Creativity,USD,6.99,NA,www.amazon.com,Spiral-bound ,18.99,,NA,,NA,4.6,25061,91,ATVPDKIKX0DER,Clean Earth Books,12/21/2021
289,132885213X,132885213X,Good Night Little Blue Truck,Alice Schertle,Children's Books,Growing Up & Facts of Life,USD,10.77,17.99,www.amazon.com,Kindle ,0,Board book ,NA,,NA,4.9,12487,514,ATVPDKIKX0DER,Goodwill Minnesota,12/21/2021
290,0060853964,0060853964,Good Omens,Neil GaimanTerry Pratchett,Literature & Fiction,Fiction,USD,29.99,NA,www.amazon.com,Kindle ,8.99,Audiobook ,0,Paperback ,17.99,4.7,14729,35838,ATVPDKIKX0DER,The BookBank,12/21/2021
291,1788171829,1788171829,Good Vibes Good Life,Vex King,Self-Help,Happiness,USD,13.29,16.99,www.amazon.com,Kindle ,9.99,Audiobook ,0,Hardcover ,23,4.7,20082,1570,ATVPDKIKX0DER,Amazon,12/21/2021
292,0811877825,0811877825,Goodnight Goodnight Construction Site,Sherri Duskey RinkerTom Lichtenheld,Children's Books,Growing Up & Facts of Life,USD,14.49,16.99,www.amazon.com,Kindle ,0,Audiobook ,0,Perfect Paperback ,14.95,4.9,16563,2089,ATVPDKIKX0DER,Vivé Liber Books LLC,12/21/2021
293,0694003611,0694003611,Goodnight Moon,Margaret Wise Brown,Children's Books,Animals,USD,5.36,8.99,www.amazon.com,Kindle ,0,Audiobook ,0,Hardcover ,14.99,4.9,20708,365,ATVPDKIKX0DER,glenthebookseller,12/21/2021
294,1484746694,1484746694,Gravity Falls,Alex HirschRob Renzetti,Children's Books,Action & Adventure,USD,15.99,19.99,www.amazon.com,,NA,,NA,,NA,4.8,16076,1018,ATVPDKIKX0DER,Momma's Media,12/21/2021
295,0345543254,0345543254,Gray Mountain,John Grisham,"Mystery, Thriller & Suspense",Thrillers & Suspense,USD,7.48,9.99,www.amazon.com,Kindle ,7.99,Audiobook ,0,Hardcover ,14.75,4,25415,9431,ATVPDKIKX0DER,HOME-WORKS,12/21/2021
296,0394800168,0545002850,Green Eggs And Ham,Dr.Seuss,Children's Books,Fiction,USD,8.12,9.99,www.amazon.com,Kindle ,7.99,Audiobook ,0,Paperback ,9.79,4.9,18241,1350,ATVPDKIKX0DER,-OnTimeBooks-,12/21/2021
297,1638788510,1638788510,Green Witchcraft,Paige Vanderbeck,Religion & Spirituality,New Age & Spirituality,USD,10.64,22.99,www.amazon.com,Kindle ,0,Audiobook ,0,Paperback ,8.99,4.8,11314,10191,ATVPDKIKX0DER,Amazon,12/21/2021
298,0593139135,0593139135,Greenlights,Matthew McConaughey,Biographies & Memoirs,Arts & Literature,USD,16.95,30,www.amazon.com,Kindle ,13.99,Audiobook ,0,Paperback ,19.99,4.7,48136,77,ATVPDKIKX0DER,Golden Door Inc.,12/21/2021
299,1101946342,9781101946343,Grey,E L James,Literature & Fiction,Women's Fiction,USD,11.83,17.99,www.amazon.com,Kindle ,7.39,Audiobook ,0,Library Binding ,36.72,4.5,34483,13295,ATVPDKIKX0DER,tmjlbooks,12/21/2021
300,1501111108,1501111108,Grit,Angela Duckworth,"Health, Fitness & Dieting",Psychology & Counseling,USD,18.58,28.99,www.amazon.com,Kindle ,14.99,Audiobook ,0,Paperback ,9.88,4.6,10042,10584,ATVPDKIKX0DER,-OnTimeBooks-,12/21/2021
301,0553537865,0553537865,Grumpy Monkey,Suzanne Lang,Children's Books,Growing Up & Facts of Life,USD,6.97,17.99,www.amazon.com,Kindle ,10.99,Board book ,8.32,,NA,4.8,19016,132,ATVPDKIKX0DER,Amazon,12/21/2021
302,1913484009,1913484009,Guinness World Records 2021,Guinness World Records,Humor & Entertainment,Trivia & Fun Facts,USD,32.5,NA,www.amazon.com,,NA,,NA,,NA,4.8,16119,14329,A10DUGJTEGDXWY,Fanci Innovations LLCFanci Innovations LLCVMG Books & Media,12/21/2021
303,0545852501,1338598597,Guts,Raina Telgemeier,Children's Books,Growing Up & Facts of Life,USD,5.9,12.99,www.amazon.com,Kindle & comiXology ,7.99,Hardcover ,15.29,,NA,4.8,11788,755,ATVPDKIKX0DER,ZBK Books,12/21/2021
304,0525553363,0525553363,Hair Love,Vashti Harrison,Children's Books,Growing Up & Facts of Life,USD,8.98,17.99,www.amazon.com,Kindle ,10.99,Audiobook ,0,Paperback ,13.28,4.9,15358,581,ATVPDKIKX0DER,The BAP Goods,12/21/2021
305,1478913649,1478913649,Hamilton,Lin-Manuel MirandaJeremy McCarter,Arts & Photography,Performing Arts,USD,14.98,35,www.amazon.com,Kindle ,21.99,Audiobook ,0,Hardcover ,23.69,4.9,11826,600463,A1SX40K23M8TFS,8 trax media8 trax mediaPrime Goods Outlet,12/21/2021
306,1408709236,1408709236,Hamilton The Revolution,by Lin-Manuel Miranda; Jeremy McCarter (Author),Arts & Photography,Music,USD,45.98,NA,www.amazon.com,Kindle ,21.99,Audiobook ,0,Audio CD ,14.98,4.9,11826,141359,ATVPDKIKX0DER,American Made Books,12/21/2021
307,0525657606,0525657606,Hamnet,Maggie O'Farrell,Literature & Fiction,Fiction,USD,14.29,26.95,www.amazon.com,Kindle ,13.99,Audiobook ,0,Paperback ,13.64,4.5,25957,4418,ATVPDKIKX0DER,sagir13,12/21/2021
308,0394800761,0394800761,Happy Birthday To You,Dr. Seuss,Children's Books,Fiction,USD,11.19,16.99,www.amazon.com,Kindle ,9.99,Paperback ,13.18,Board book ,8.99,4.8,10057,2467,ATVPDKIKX0DER,-OnTimeBooks-,12/21/2021
309,1419741942,1419741942,Hard Luck,Jeff Kinney,Children's Books,Humor,USD,10,14.99,www.amazon.com,Kindle & comiXology ,1.99,Audiobook ,0,Paperback ,11.35,4.8,10094,1629,ATVPDKIKX0DER,Goodwill of Colorado,12/21/2021
310,0062899147,0062899147,Harperluxe The Subtle Art Of Not Giving A F Ck,Mark Manson,Self-Help,Happiness,USD,20.71,28.99,www.amazon.com,Kindle ,12.99,Audiobook ,0,Hardcover ,11.5,4.6,58209,6804,ATVPDKIKX0DER,worldofbooksinc,12/21/2021
311,0439064864,9780439064866,Harry Potter And The Chamber Of Secrets,J.K. Rowling,Children's Books,Growing Up & Facts of Life,USD,11.94,26.99,www.amazon.com,Kindle ,0,Audiobook ,0,Paperback ,6.98,4.8,33308,1896,ATVPDKIKX0DER,-OnTimeBooks-,12/21/2021
312,B017V4IPPO,,Harry Potter And The Chamber Of Secrets ,"J.K. Rowling (Author), Jim Dale (Narrator), Pottermore Publishing (Publisher) & 0 more",Teen & Young Adult,Fiction,USD,9.99,NA,www.amazon.com,Kindle ,0,Hardcover ,11.94,Paperback ,6.98,4.8,33308,23,,Amazon,12/21/2021
313,1338099132,1338099132,Harry Potter And The Cursed Child Parts 1 2 Special Rehearsal Edition Script,J.K. RowlingJack ThorneJohn Tiffany,Children's Books,Science Fiction & Fantasy,USD,9.98,29.99,www.amazon.com,Kindle ,0,Paperback ,7.98,Single Issue Magazine ,NA,4.2,35661,47460,A3L6A4CJUT84LR,BestselloneBestselloneVMG Books & Media,12/21/2021
314,133821666X,133821666X,Harry Potter And The Cursed Child Parts One And Two,J. K. RowlingJack ThorneJohn Tiffany,Children's Books,"Arts, Music & Photography",USD,7.98,12.99,www.amazon.com,Kindle ,0,Hardcover ,23.99,Single Issue Magazine ,NA,4.2,35661,690,ATVPDKIKX0DER,HarryBat,12/21/2021
315,0545139708,0545139708,Harry Potter And The Deathly Hallows,J. K. Rowling,Children's Books,Growing Up & Facts of Life,USD,9.98,14.99,www.amazon.com,Kindle ,0,Audiobook ,0,Hardcover ,17.49,4.9,30040,1607,ATVPDKIKX0DER,Bay State Book Company,12/21/2021
316,B017WJ5PR4,,Harry Potter And The Deathly Hallows ,"J.K. Rowling (Author), Jim Dale (Narrator), Pottermore Publishing (Publisher) & 0 more",Teen & Young Adult,Fiction,USD,9.99,NA,www.amazon.com,Kindle ,0,Hardcover ,17.49,Paperback ,9.98,4.9,30039,34,,Amazon,12/21/2021
317,0439139597,0439139597,Harry Potter And The Goblet Of Fire,J.K. Rowling,Children's Books,Growing Up & Facts of Life,USD,14.36,29.99,www.amazon.com,Kindle ,0,Audiobook ,0,Paperback ,6.92,4.9,31267,2865,ATVPDKIKX0DER,California Book Bag,12/21/2021
318,B017V4NQGM,,Harry Potter And The Goblet Of Fire ,"J.K. Rowling (Author), Jim Dale (Narrator), Pottermore Publishing (Publisher) & 0 more",Teen & Young Adult,Fiction,USD,9.99,NA,www.amazon.com,Kindle ,0,Hardcover ,14.36,Paperback ,23.2,4.9,31267,28,,Amazon,12/21/2021
319,0307283658,0307283658,Harry Potter And The Half Blood Prince,J.K. Rowling,Children's Books,Growing Up & Facts of Life,USD,51.03,75,www.amazon.com,Kindle ,0,Audiobook ,0,Hardcover ,14.74,4.9,27632,183585,ATVPDKIKX0DER,Novatechs,12/21/2021
320,B017V4NOEG,,Harry Potter And The Half Blood Prince ,"J.K. Rowling (Author), Jim Dale (Narrator), Pottermore Publishing (Publisher) & 0 more",Teen & Young Adult,Fiction,USD,9.99,NA,www.amazon.com,Kindle ,0,Hardcover ,14.74,Paperback ,8.71,4.9,27632,36,,Amazon,12/21/2021
321,0439358078,0439358078,Harry Potter And The Order Of The Phoenix,J. K. Rowling,Children's Books,Growing Up & Facts of Life,USD,6.98,12.99,www.amazon.com,Kindle ,0,Audiobook ,0,Hardcover ,13.69,4.9,31310,1491,ATVPDKIKX0DER,ThriftBooks-Chicago,12/21/2021
322,B017V4NLJ4,,Harry Potter And The Order Of The Phoenix ,"J.K. Rowling (Author), Jim Dale (Narrator), Pottermore Publishing (Publisher) & 0 more",Teen & Young Adult,Fiction,USD,9.99,NA,www.amazon.com,Kindle ,0,Hardcover ,13.69,Paperback ,6.98,4.9,31310,29,,Amazon,12/21/2021
323,0439136350,0439136350,Harry Potter And The Prisoner Of Azkaban,J.K. Rowling,Children's Books,Growing Up & Facts of Life,USD,13.97,26.99,www.amazon.com,Kindle ,0,Audiobook ,0,Paperback ,8.78,4.9,33749,2525,ATVPDKIKX0DER,Jenson Books Inc,12/21/2021
324,B017V4NTFA,,Harry Potter And The Prisoner Of Azkaban ,"J.K. Rowling (Author), Jim Dale (Narrator), Pottermore Publishing (Publisher) & 0 more",Teen & Young Adult,Fiction,USD,9.99,NA,www.amazon.com,Kindle ,0,Hardcover ,13.97,Paperback ,8.16,4.9,33749,27,,Amazon,12/21/2021
325,0545790352,0545790352,Harry Potter And The Sorcerer S Stone,J.K. Rowling,Children's Books,Growing Up & Facts of Life,USD,23.88,39.99,www.amazon.com,Kindle ,0,Paperback ,29.1,,NA,4.9,19242,238,ATVPDKIKX0DER,Goodwill Michiana,12/21/2021
326,0545044251,0545044251,Harry Potter Hardcover Boxed Set,J. K. Rowling,Children's Books,Growing Up & Facts of Life,USD,132.99,205.93,www.amazon.com,Kindle ,62.99,Paperback ,39.99,Audio CD ,360.34,4.9,58716,1058,ATVPDKIKX0DER,New England Proprietors,12/21/2021
327,0545162076,0545162076,Harry Potter Paperback Box Set,J. K. Rowling,Children's Books,Growing Up & Facts of Life,USD,39.99,86.93,www.amazon.com,Kindle ,62.99,Hardcover ,130.2,Audio CD ,360.34,4.9,58716,98,ATVPDKIKX0DER,Amazon,12/21/2021
328,0689840926,0689840926,Hatchet,Gary Paulsen,Teen & Young Adult,Fiction,USD,11.59,18.99,www.amazon.com,Kindle ,0,Audiobook ,0,Paperback ,6.1,4.7,16012,14337,ATVPDKIKX0DER,-OnTimeBooks-,12/21/2021
329,B08GLWCZTY,,Heart Bones,Colleen Hoover,Romance,Contemporary,USD,14.99,NA,www.amazon.com,Kindle ,5.99,Audiobook ,0,Audio CD ,16.06,4.6,13681,1494,ATVPDKIKX0DER,Amazon,12/21/2021
330,0849946158,9780849946158,Heaven Is For Real,Todd BurpoLynn Vincent,Self-Help,Relationships,USD,9.58,17.99,www.amazon.com,Kindle ,9.99,Audiobook ,0,Hardcover ,29.99,4.7,16897,11197,ATVPDKIKX0DER,HarryBat,12/21/2021
331,1619630656,9781619630659,Heir Of Fire,Sarah J. Maas,Teen & Young Adult,Fiction,USD,14.79,19.99,www.amazon.com,Kindle ,7.1,Audiobook ,0,Paperback ,10.49,4.8,13617,22610,ATVPDKIKX0DER,Amazon,12/21/2021
332,0997426586,0997426586,Her,Pierre Alex Jeanty,Literature & Fiction,Poetry,USD,14.59,26.99,www.amazon.com,Kindle ,8.99,,NA,,NA,4.7,21038,5980,A37W04994SDXP9,My Corner BookstoreMy Corner BookstoreRich Media Direct,12/21/2021
333,B014WXBTEQ,,Her Final Breath,"Robert Dugoni (Author), Emily Sutton-Smith (Narrator), Brilliance Audio (Publisher) & 0 more","Mystery, Thriller & Suspense",Mystery,USD,9.99,NA,www.amazon.com,Kindle ,0,Library Binding ,9.93,Paperback ,11.99,4.6,11094,7505,,Amazon,12/21/2021
334,B07YKTVD4W,,Her Final Words,Brianna Labuskes,"Mystery, Thriller & Suspense",Thrillers & Suspense,USD,9.99,NA,www.amazon.com,Audiobook Audiobook ,0,Paperback ,11.95,Audio CD ,14.99,4.3,15698,1138,,Amazon,12/21/2021
335,1542028752,1542028752,Her Perfect Family,Teresa Driscoll,Literature & Fiction,World Literature,USD,11.95,15.95,www.amazon.com,Kindle ,0,Audiobook ,0,Audio CD ,14.99,4.2,15051,62746,ATVPDKIKX0DER,SC Goodwill,12/21/2021
336,038554376X,038554376X,Hidden Valley Road,Robert Kolker,Biographies & Memoirs,Professionals & Academics,USD,15.59,29.95,www.amazon.com,Kindle ,12.99,Audiobook ,0,Paperback ,14.85,4.5,12424,15402,ATVPDKIKX0DER,MjTreasuresCT,12/21/2021
337,125020710X,125020710X,Hideaway,Nora Roberts,"Mystery, Thriller & Suspense",Thrillers & Suspense,USD,14.53,28.99,www.amazon.com,Kindle ,11.99,Audiobook ,0,Paperback ,13.9,4.6,12624,31050,ATVPDKIKX0DER,Jenson Books Inc,12/21/2021
338,0593135938,0593135938,High Achiever,Tiffany Jenkins,Self-Help,Relationships,USD,12.18,15.99,www.amazon.com,Kindle ,10.99,Audiobook ,0,,NA,4.7,15251,5605,ATVPDKIKX0DER,2nd Life Aloha,12/21/2021
339,0062300547,9780062300546,Hillbilly Elegy,J. D. Vance,Biographies & Memoirs,Historical,USD,12.35,27.99,www.amazon.com,Kindle ,11.99,Audiobook ,0,Paperback ,7.85,4.5,27096,20645,ATVPDKIKX0DER,Books and Books Etc.,12/21/2021
340,0063045982,0063045982,Hillbilly Elegy Movie Tie In,J. D. Vance,Biographies & Memoirs,Historical,USD,9.47,17.99,www.amazon.com,Kindle ,11.99,Audiobook ,0,Hardcover ,12.35,4.5,27096,154393,A2KFQ672Z6FN1W,DTXMARKETSDTXMARKETSGREENWORLD BOOKS,12/21/2021
341,0241399750,0241399750,Hinch Yourself Happy,Mrs Hinch,"Crafts, Hobbies & Home",Home Improvement & Design,USD,17.83,NA,www.amazon.com,Kindle ,9.99,Audiobook ,0,,NA,4.7,17523,268591,ATVPDKIKX0DER,Fast Same Day Products,12/21/2021
342,0307957837,0307957837,His Dark Materials,Philip Pullman,"Crafts, Hobbies & Home",Crafts & Hobbies,USD,21.99,38,www.amazon.com,Kindle ,19.99,Paperback ,15.62,Mass Market Paperback ,18.5,4.7,11534,11906,ATVPDKIKX0DER,worldofbooksinc,12/21/2021
343,0440419514,0440238609,His Dark Materials 3 Book Paperback Boxed Set,Philip Pullman,Teen & Young Adult,Fiction,USD,15.62,26.97,www.amazon.com,Kindle ,19.99,Hardcover ,21.99,Mass Market Paperback ,18.5,4.7,11534,1932,ATVPDKIKX0DER,Momma's Media,12/21/2021
344,0440414806,0440414806,Holes,Louis Sachar,Children's Books,Growing Up & Facts of Life,USD,4.67,8.99,www.amazon.com,Kindle ,7.99,Audiobook ,0,Hardcover ,18.99,4.8,15096,464,ATVPDKIKX0DER,Amazon,12/21/2021
345,1449486800,1449486800,Home Body,Rupi Kaur,Literature & Fiction,Poetry,USD,7.48,16.99,www.amazon.com,Kindle ,7.11,Audiobook ,0,Hardcover ,17.49,4.8,12921,426,ATVPDKIKX0DER,Amazon,12/21/2021
346,1101947136,1101947136,Homegoing,Yaa Gyasi,Literature & Fiction,United States,USD,18.49,30,www.amazon.com,Kindle ,11.99,Audiobook ,0,Paperback ,13.53,4.6,12636,33996,ATVPDKIKX0DER,EnlightenQuest,12/21/2021
347,0062464310,0062464310,Homo Deus,Yuval Noah Harari,History,World,USD,33.49,37.5,www.amazon.com,Kindle ,14.99,Audiobook ,0,Paperback ,18.38,4.6,12984,19075,ATVPDKIKX0DER,Momma's Media,12/21/2021
348,B084RSGF3B,,Honeysuckle Season,"Mary Ellen Taylor (Author), Megan Tusing (Narrator), Brilliance Audio (Publisher) & 0 more",Literature & Fiction,Fiction,USD,9.99,NA,www.amazon.com,Kindle ,0,Library Binding ,37.95,Paperback ,7.19,4.4,19071,37970,,Amazon,12/21/2021
349,147674355X,147674355X,Hopeless,Colleen Hoover,Literature & Fiction,Erotica,USD,14.99,16.99,www.amazon.com,Kindle ,5.99,Audiobook ,0,Library Binding ,31.99,4.6,14417,5642,ATVPDKIKX0DER,Amazon,12/21/2021
350,1250217318,1250217318,House In The Cerulean Sea,TJ Klune,LGBTQ+ Books,Fiction,USD,14.68,18.99,www.amazon.com,Kindle ,12.99,Audiobook ,0,Hardcover ,14.89,4.7,16912,718,ATVPDKIKX0DER,Amazon,12/21/2021
351,1635577020,1635577020,House Of Earth And Blood,Sarah J. Maas,Literature & Fiction,Action & Adventure,USD,12.65,18,www.amazon.com,Kindle ,4.99,Audiobook ,0,Hardcover ,NA,4.7,18287,1844,ATVPDKIKX0DER,Amazon,12/21/2021
352,1250066115,1250066115,How Not To Die,Michael Greger M.D. FACLMGene Stone,"Crafts, Hobbies & Home",Home Improvement & Design,USD,17.01,32.5,www.amazon.com,Kindle ,0,Audiobook ,0,Paperback ,16.1,4.7,18231,1336,ATVPDKIKX0DER,kichoyproductions,12/21/2021
353,0394800796,0394800796,How The Grinch Stole Christmas,Dr. Seuss,Literature & Fiction,Poetry,USD,9.9,16.99,www.amazon.com,Kindle ,9.99,Audiobook ,0,Paperback ,8.49,4.9,13404,151,ATVPDKIKX0DER,-OnTimeBooks-,12/21/2021
354,0385753845,0385753845,How To Babysit A Grandma,Jean ReaganLee Wildish,Children's Books,Growing Up & Facts of Life,USD,9.36,17.99,www.amazon.com,Kindle ,10.99,Audiobook ,0,Board book ,8.67,4.8,11647,2359,ATVPDKIKX0DER,Vivé Liber Books LLC,12/21/2021
355,0593396804,0593396804,How To Be An Antiracist,Ibram X. Kendi,History,Americas,USD,14.99,29,www.amazon.com,Kindle ,13.99,Audiobook ,0,Hardcover ,15.16,4.7,23778,18278,ATVPDKIKX0DER,Amazon,12/21/2021
356,149266247X,149266247X,How To Catch A Mermaid,Adam WallaceAndy Elkerton,Children's Books,Fiction,USD,5.03,10.99,www.amazon.com,Kindle ,5.69,Audiobook ,0,Audio CD ,NA,4.8,23871,38,ATVPDKIKX0DER,Amazon,12/21/2021
357,1492669733,1492669733,How To Catch A Unicorn,Adam WallaceAndy Elkerton,Children's Books,Animals,USD,5.49,10.99,www.amazon.com,Kindle ,5.22,Audiobook ,0,Paperback ,10.92,4.8,27293,66,ATVPDKIKX0DER,Amazon,12/21/2021
358,1535585951,9781535585958,How To Day Trade For A Living,Andrew Aziz,Business & Money,Finance,USD,15.99,NA,www.amazon.com,Kindle ,0,Audiobook ,0,Hardcover ,23.99,4.6,11205,2210,ATVPDKIKX0DER,kichoyproductions,12/21/2021
359,1842297406,1842297406,How To Draw 101 Animals,Dan Green,Children's Books,"Arts, Music & Photography",USD,3.29,4.99,www.amazon.com,Spiral-bound ,15.99,,NA,,NA,4.7,18519,25,ATVPDKIKX0DER,Amazon,12/21/2021
360,0615991424,0615991424,How To Draw Cool Stuff,Catherine V Holmes,Arts & Photography,Graphic Design,USD,13.99,NA,www.amazon.com,Kindle ,0,Hardcover ,21.99,,NA,4.7,13860,13,ATVPDKIKX0DER,goodwill_industries_of_san_diego,12/21/2021
361,0671035975,0671035975,How To Stop Worrying And Start Living,Dale Carnegie,Self-Help,Relationships,USD,9.99,16.99,www.amazon.com,Kindle ,8.99,Audiobook ,0,Hardcover ,5.68,4.6,13220,4614,ATVPDKIKX0DER,illventure,12/21/2021
362,1439167346,1439167346,How To Win Friends And Influence People,Dale Carnegie,Self-Help,Relationships,USD,18.39,28,www.amazon.com,Kindle ,13.99,Audiobook ,0,Paperback ,10.99,4.7,52216,4905,ATVPDKIKX0DER,gatecitybooks,12/21/2021
363,B0006IU7JK,,How To Win Friends Influence People,"Dale Carnegie (Author), Andrew MacMillan (Narrator), Simon & Schuster Audio (Publisher) & 0 more",Self-Help,Relationships,USD,9.99,NA,www.amazon.com,Kindle ,0.99,Hardcover ,18.29,Paperback ,10.99,4.7,52216,35,,Amazon,12/21/2021
364,1641522631,1641522631,Human Body Activity Book For Kids,"by Ph.D., Katie Stokes, M.Ed., (Author)",Children's Books,Growing Up & Facts of Life,USD,5.39,8.99,www.amazon.com,Spiral-bound ,NA,,NA,,NA,4.7,18213,487,ATVPDKIKX0DER,Amazon,12/21/2021
365,1250114292,1250114292,Humans,Brandon Stanton,Arts & Photography,Photography & Video,USD,17.5,35,www.amazon.com,Kindle ,0,,NA,,NA,4.9,16338,1750,ATVPDKIKX0DER,worldofbooksinc,12/21/2021
366,0593298942,0593298942,I Alone Can Fix It,Philip Rucker,Politics & Social Sciences,Politics & Government,USD,17.56,30,www.amazon.com,Kindle ,15.99,Audiobook ,0,Paperback ,25.99,4.7,10254,4478,ATVPDKIKX0DER,Vivé Liber Books LLC,12/21/2021
367,0545688868,9780545688864,I Am A Big Brother,Caroline Jayne Church,Children's Books,Growing Up & Facts of Life,USD,5,6.99,www.amazon.com,Kindle ,3.99,,NA,,NA,4.8,11985,759,ATVPDKIKX0DER,glenthebookseller,12/21/2021
368,0545688981,0545688981,I Am A Big Sister,Caroline Jayne Church,Children's Books,Growing Up & Facts of Life,USD,9.99,NA,www.amazon.com,Kindle ,3.99,,NA,,NA,4.8,12014,16816,,goodwill_ind_of_mid_tn,12/21/2021
369,0692927999,0692927999,I Am Confident Brave Beautiful,Hopscotch Girls,Children's Books,Growing Up & Facts of Life,USD,6.99,8.99,www.amazon.com,,NA,,NA,,NA,4.8,26812,11,ATVPDKIKX0DER,Amazon Warehouse,12/21/2021
370,1439177732,9781439177730,I Am Pilgrim,Terry Hayes,"Mystery, Thriller & Suspense",Thrillers & Suspense,USD,10.79,18,www.amazon.com,Kindle ,13.99,Audiobook ,0,Hardcover ,10.94,4.6,18995,38839,ATVPDKIKX0DER,Jenson Books Inc.,12/21/2021
371,1542046599,9781542046596,I Am Watching You,Teresa Driscoll,"Mystery, Thriller & Suspense",Thrillers & Suspense,USD,7.29,15.95,www.amazon.com,Kindle ,0,Audiobook ,0,MP3 CD ,16.99,4.4,32832,3065,ATVPDKIKX0DER,Amazon,12/21/2021
372,0812980026,9780812980028,I Know Why The Caged Bird Sings,Maya Angelou,Literature & Fiction,History & Criticism,USD,15.49,18,www.amazon.com,Kindle ,7.99,Audiobook ,0,Hardcover ,24,4.8,16235,27474,ATVPDKIKX0DER,-OnTimeBooks-,12/21/2021
373,0062319787,0062319787,I Ll Be Gone In The Dark,Michelle McNamara,Biographies & Memoirs,Professionals & Academics,USD,23.46,27.99,www.amazon.com,Kindle ,11.99,Audiobook ,0,Paperback ,11.22,4.7,12943,34153,AI52QYRZ75KGI,DuctTape LaneDuctTape Lane-OnTimeBooks-,12/21/2021
374,1680524267,1680524267,I Love You Daddy,Parragon Books,Children's Books,Growing Up & Facts of Life,USD,4.74,NA,www.amazon.com,Paperback ,15.53,Board book ,16.4,,NA,4.8,12299,3772,ATVPDKIKX0DER,Amazon,12/21/2021
375,1589255518,1589255518,I Love You To The Moon And Back,Amelia Hepworth,Children's Books,Growing Up & Facts of Life,USD,4.28,7.99,www.amazon.com,Hardcover ,7.99,,NA,,NA,4.9,45204,45,ATVPDKIKX0DER,Amazon,12/21/2021
376,0486787990,0486787990,I Need A New Butt,Dawn McMillan,Children's Books,Fiction,USD,5.47,8.99,www.amazon.com,Kindle ,5.2,Board book ,13.52,,NA,4.7,16689,637,ATVPDKIKX0DER,Amazon,12/21/2021
377,0062841742,0062841742,I Ve Loved You Since Forever,Hoda KotbSuzie Mason,Children's Books,Growing Up & Facts of Life,USD,14.52,18.99,www.amazon.com,Kindle ,0,Audiobook ,0,Paperback ,15.99,4.8,19794,4194,ATVPDKIKX0DER,Jenson Books Inc,12/21/2021
378,0062841750,0062841750,I Ve Loved You Since Forever Board Book,Hoda KotbSuzie Mason,Children's Books,Growing Up & Facts of Life,USD,7.19,8.99,www.amazon.com,Kindle ,0,Audiobook ,0,Hardcover ,14.52,4.8,19794,41208,ATVPDKIKX0DER,saveherenow,12/21/2021
379,1943200106,1943200106,I Wrote A Book About You A Fun Fill In The Blank Book,M.H. Clark,Self-Help,Relationships,USD,13.46,14.95,www.amazon.com,,NA,,NA,,NA,4.7,11854,329,ATVPDKIKX0DER,Amazon,12/21/2021
380,1982101946,1982101946,Idiot,Laura Clery,Biographies & Memoirs,Arts & Literature,USD,14.49,25,www.amazon.com,Kindle ,12.99,Audiobook ,0,Paperback ,12.55,4.8,13927,58324,ATVPDKIKX0DER,Nature Coast Sold LLC,12/21/2021
381,0374300216,0374300216,If Animals Kissed Good Night,Ann Whitford Paul,Children's Books,Growing Up & Facts of Life,USD,4.44,7.99,www.amazon.com,,NA,,NA,,NA,4.8,58744,43,ATVPDKIKX0DER,Amazon,12/21/2021
382,1982137975,1982137975,If It Bleeds,Stephen King,Literature & Fiction,Fiction,USD,13.57,30,www.amazon.com,Kindle ,13.99,Audiobook ,0,Paperback ,13.7,4.7,21075,2923,ATVPDKIKX0DER,-OnTimeBooks-,12/21/2021
383,1542005221,1542005221,If You Tell,Gregg Olsen,Biographies & Memoirs,True Crime,USD,20.95,24.95,www.amazon.com,Kindle ,0,Audiobook ,0,Paperback ,11.98,4.4,43355,8245,ATVPDKIKX0DER,textgood,12/21/2021
384,0143130722,0143130722,Ikigai,Héctor GarcíaFrancesc Miralles,"Health, Fitness & Dieting",Aging,USD,12.99,22,www.amazon.com,Kindle ,9.99,Audiobook ,0,Audio CD ,20.99,4.6,19968,1479,ATVPDKIKX0DER,Amazon,12/21/2021
385,1982137444,1982137444,In Five Years,Rebecca Serle,Literature & Fiction,Fiction,USD,11.95,27,www.amazon.com,Kindle ,12.99,Audiobook ,0,Paperback ,11.06,4.4,23125,2123,ATVPDKIKX0DER,Vivé Liber Books LLC,12/21/2021
386,B087Q1QNTL,,In Her Tracks,Robert Dugoni,"Mystery, Thriller & Suspense",Thrillers & Suspense,USD,9.99,NA,www.amazon.com,Audiobook Audiobook ,0,Library Binding ,38.95,Paperback ,11.99,4.6,14504,1686,,Amazon,12/21/2021
387,B07Y8HKVGJ,,In The Heart Of The Fire,Dean Koontz,"Mystery, Thriller & Suspense",Thrillers & Suspense,USD,9.99,NA,www.amazon.com,Audiobook Audiobook ,0,,NA,,NA,4.4,11060,744,,Amazon,12/21/2021
388,B00B1VXVIU,,Inferno,"Dan Brown (Author), Paul Michael (Narrator), Random House Audio (Publisher) & 0 more",Literature & Fiction,Action & Adventure,USD,9.99,NA,www.amazon.com,Kindle ,9.99,Hardcover ,9.25,Paperback ,5.94,4.2,33242,2442,,Amazon,12/21/2021
389,B08GTVH26H,,Infinite,"Brian Freeman (Author), Andrew Eiden (Narrator), Brilliance Audio (Publisher) & 0 more","Mystery, Thriller & Suspense",Mystery,USD,9.99,NA,www.amazon.com,Kindle ,0,Hardcover ,9.45,Paperback ,8.99,4.3,13886,10678,,Amazon,12/21/2021
390,0812997794,9780812997798,Inner Engineering,Sadhguru,"Health, Fitness & Dieting",Alternative Medicine,USD,19.88,26,www.amazon.com,Kindle ,14.99,Audiobook ,0,Paperback ,13.06,4.7,11245,11489,ATVPDKIKX0DER,Michael Raesler,12/21/2021
391,B01CIYURJE,,Instant Pot Electric Pressure Cooker Cookbook,Laurel Randolph,"Cookbooks, Food & Wine",Kitchen Appliances,USD,9.99,NA,www.amazon.com,Paperback ,8.97,Spiral-bound ,NA,,NA,4.4,11729,27405,,Amazon,12/21/2021
392,1727408403,1727408403,Instant Pot Pressure Cooker Cookbook,Jennifer Smith,"Cookbooks, Food & Wine",Regional & International,USD,5.24,8.7,www.amazon.com,Kindle ,0,Spiral-bound ,21.4,,NA,4.4,12662,5965,ATVPDKIKX0DER,Amazon,12/21/2021
393,0062024051,0062024051,Insurgent,Veronica Roth,Teen & Young Adult,Fiction,USD,11.49,12.99,www.amazon.com,Kindle ,10.99,Audiobook ,0,Hardcover ,11.99,4.6,19489,20932,ATVPDKIKX0DER,Rye Berry Books,12/21/2021
394,0063040522,0063040522,Insurgent Anniversary Edition,Veronica Roth,Teen & Young Adult,Fiction,USD,10.39,12.99,www.amazon.com,Kindle Edition with Audio/Video ,9.99,Audiobook ,0,Hardcover ,11.99,4.6,19489,185449,ATVPDKIKX0DER,big_river_books,12/21/2021
395,164845044X,164845044X,Interesting Stories For Curious People,Bill O'Neill,Humor & Entertainment,Humor,USD,8.19,12.99,www.amazon.com,Kindle ,0,Audiobook ,0,,NA,4.5,11045,3,ATVPDKIKX0DER,Half Price Books Inc,12/21/2021
396,B07Z3NFQPD,,Interference,Brad Parks,"Mystery, Thriller & Suspense",Thrillers & Suspense,USD,9.99,NA,www.amazon.com,Audiobook Audiobook ,0,Hardcover ,16.11,Paperback ,6.99,4.3,10158,15913,,Amazon,12/21/2021
397,1982137347,1982137347,Invisible Girl,Lisa Jewell,Literature & Fiction,Women's Fiction,USD,12.78,17,www.amazon.com,Kindle ,12.99,Audiobook ,0,Hardcover ,16.8,4.3,11940,10566,ATVPDKIKX0DER,Lightning Bug Sellers,12/21/2021
398,1982127791,1982127791,It,Stephen King,"Mystery, Thriller & Suspense",Thrillers & Suspense,USD,15.98,19.99,www.amazon.com,Kindle ,12.99,Audiobook ,0,Hardcover ,NA,4.7,20946,3030,ATVPDKIKX0DER,Amazon,12/21/2021
399,1501110365,1501110365,It Ends With Us,Colleen Hoover,Literature & Fiction,Women's Fiction,USD,9.47,16.99,www.amazon.com,Kindle ,11.99,Audiobook ,0,Mass Market Paperback ,NA,4.7,45404,8,ATVPDKIKX0DER,Amazon,12/21/2021
400,0063141299,0063141299,It S In His Kiss,Julia Quinn,Literature & Fiction,Women's Fiction,USD,10.16,16.99,www.amazon.com,Kindle ,7.99,Audiobook ,0,Hardcover ,12.89,4.6,12470,15128,ATVPDKIKX0DER,Goodwill of North Georgia,12/21/2021
401,0394861027,0394861027,It S Not Easy Being A Bunny,Marilyn Sadler,Children's Books,Fiction,USD,6.94,9.99,www.amazon.com,Paperback ,9.91,Board book ,6.54,,NA,4.8,12673,3797,ATVPDKIKX0DER,Bay State Book Company,12/21/2021
402,0718039858,0718039858,It S Not Supposed To Be This Way,Lysa TerKeurst,Christian Books & Bibles,Bible Study & Reference,USD,15.93,24.99,www.amazon.com,Kindle ,0,Audiobook ,0,Paperback ,16.74,4.8,15614,2157,ATVPDKIKX0DER,Momma's Media,12/21/2021
403,0345538374,0345538374,J R R Tolkien 4 Book Boxed Set,J.R.R. Tolkien,Literature & Fiction,Fiction,USD,14.74,35.96,www.amazon.com,Vinyl Bound ,27.91,Product Bundle ,39.49,Audio CD ,138.54,4.8,20453,186,ATVPDKIKX0DER,Goodwill of Orange County,12/21/2021
404,1912714019,1912714019,Jane Eyre,by Charlotte Brontë (Author),Teen & Young Adult,Fiction,USD,20.99,25,www.amazon.com,Kindle ,0,Audiobook ,0,Paperback ,5.95,4.6,14852,49793,ATVPDKIKX0DER,Amazon Warehouse,12/21/2021
405,1400320119,1400320119,Jesus Calling,Sarah Young,Christian Books & Bibles,Christian Living,USD,13.15,19.99,www.amazon.com,Kindle ,5.49,Audiobook ,0,Paperback ,14.92,4.9,30551,20338,ATVPDKIKX0DER,Rak Discount,12/21/2021
406,071808554X,071808554X,Jesus Calling Large Text Teal Leathersoft With Full Scriptures,Sarah Young,Christian Books & Bibles,Christian Living,USD,17.53,24.99,www.amazon.com,Kindle ,5.49,Audiobook ,0,Paperback ,14.93,4.9,30551,8305,ATVPDKIKX0DER,Wagoner Books Inc,12/21/2021
407,0529100770,0529100770,Jesus Calling Teal Cover,Sarah Young,Christian Books & Bibles,Bible Study & Reference,USD,9.39,19.99,www.amazon.com,Kindle ,5.49,Audiobook ,0,Paperback ,14.92,4.9,30551,24844,ATVPDKIKX0DER,Discount Society,12/21/2021
408,1400321689,9781400321681,Jesus Calling Teen Cover With Scripture References,Sarah Young,Teen & Young Adult,Religion & Spirituality,USD,9.99,16.99,www.amazon.com,Kindle ,5.49,Audiobook ,0,Paperback ,14.93,4.9,30551,34802,ATVPDKIKX0DER,Logic Library,12/21/2021
409,0375813616,9780375813610,Junie B Jones S First Boxed Set Ever,Barbara Park,Children's Books,Growing Up & Facts of Life,USD,14.01,19.96,www.amazon.com,Kindle ,17.99,Audio Cassette ,NA,,NA,4.8,13409,148,ATVPDKIKX0DER,MediaFlow,12/21/2021
410,0345538986,0345538986,Jurassic Park,Michael Crichton,Literature & Fiction,Action & Adventure,USD,5.14,9.99,www.amazon.com,Kindle ,9.99,Audiobook ,0,Hardcover ,20.8,4.8,10147,4470,ATVPDKIKX0DER,Amazon,12/21/2021
411,0062931067,0062931067,Just As I Am,Cicely Tyson,Biographies & Memoirs,Arts & Literature,USD,17.32,28.99,www.amazon.com,Kindle ,14.99,Audiobook ,0,Paperback ,21.44,4.9,17201,3008,ATVPDKIKX0DER,Blessed Book,12/21/2021
412,0307118398,0307118398,Just Me And My Dad,Mercer Mayer,Children's Books,Animals,USD,3.1,3.99,www.amazon.com,Hardcover ,5.99,,NA,,NA,4.8,11409,2110,ATVPDKIKX0DER,Amazon,12/21/2021
413,081298496X,9780812984965,Just Mercy,Bryan Stevenson,History,Americas,USD,9.11,17,www.amazon.com,Kindle ,12.99,Audiobook ,0,Hardcover ,15.99,4.8,20515,2327,ATVPDKIKX0DER,-OnTimeBooks-,12/21/2021
414,0307742482,0307742482,Killers Of The Flower Moon,David Grann,Politics & Social Sciences,Social Sciences,USD,9.16,17,www.amazon.com,Kindle ,12.99,Audiobook ,0,Hardcover ,17.49,4.6,17891,1169,ATVPDKIKX0DER,Vivé Liber Books LLC,12/21/2021
415,1250773652,1250773652,Killing Crazy Horse,Bill O'Reilly,Biographies & Memoirs,Community & Culture,USD,27.98,39.99,www.amazon.com,Kindle ,0,Audiobook ,0,Hardcover ,15,4.7,12831,105370,ATVPDKIKX0DER,-Bookworm-,12/21/2021
416,0515153656,0515153656,Killing Floor,Lee Child,"Mystery, Thriller & Suspense",Thrillers & Suspense,USD,9.99,NA,www.amazon.com,Kindle ,9.99,Audiobook ,0,Hardcover ,30.99,4.5,19768,12700,,Clean Earth Books,12/21/2021
417,0805098542,9780805098549,Killing Jesus,Bill O'ReillyMartin Dugard,History,World,USD,13.98,35,www.amazon.com,Kindle ,0,Audiobook ,0,Paperback ,15,4.5,12684,14430,A2M70HDXL9YHS,kozybooks85kozybooks85SIMYAH,12/21/2021
418,0805093079,0805093079,Killing Lincoln,Bill O'ReillyMartin Dugard,Biographies & Memoirs,Leaders & Notable People,USD,15.2,35,www.amazon.com,Kindle ,0,Audiobook ,0,Paperback ,10.49,4.7,10497,31890,A29WCV4DJYPMK8,AlamobazaarusaAlamobazaarusaJenson Books Inc,12/21/2021
419,1250070740,1250070740,Killing Patton,Bill O'ReillyMartin Dugard,Biographies & Memoirs,Leaders & Notable People,USD,10.65,18.99,www.amazon.com,Kindle ,0,Audiobook ,0,Hardcover ,18.38,4.6,11654,27341,ATVPDKIKX0DER,Asset Accelerators LLC,12/21/2021
420,1250237092,1250237092,Killing The Rising Sun,Bill O'Reilly,History,Military,USD,10.29,17.99,www.amazon.com,Kindle ,0,Audiobook ,0,Hardcover ,13.92,4.8,10537,25611,ATVPDKIKX0DER,Clean Earth Books,12/21/2021
421,0448456249,0448456249,Kindergarten Here I Come,D.J. Steinberg,Children's Books,Growing Up & Facts of Life,USD,3.74,5.99,www.amazon.com,Kindle ,5.99,Audiobook ,0,Library Binding ,16.8,4.8,14851,3416,ATVPDKIKX0DER,Amazon,12/21/2021
422,1948209934,1948209934,Kindergarten Math Workbook,Modern Kid Press,Children's Books,Education & Reference,USD,6.99,NA,www.amazon.com,Spiral-bound ,18.95,,NA,,NA,4.7,13081,2975,ATVPDKIKX0DER,glenthebookseller,12/21/2021
423,109770467X,109770467X,Kindergarten Writing Paper With Lines For Abc Kids,Smith John,Children's Books,Education & Reference,USD,5.79,NA,www.amazon.com,,NA,,NA,,NA,4.8,10566,5882,ATVPDKIKX0DER,Amazon,12/21/2021
424,1619636123,1619636123,Kingdom Of Ash,Sarah J. Maas,Teen & Young Adult,Fiction,USD,12.59,13.99,www.amazon.com,Kindle ,7.76,Audiobook ,0,Hardcover ,15.53,4.8,14080,5053,ATVPDKIKX0DER,Amazon,12/21/2021
425,1432117971,1432117971,Kjv Holy Bible Giant Print Standard Size Faux Leather Red Letter Edition Thumb Index Ribbon Marker King James Version Dark Brown,by Christian Art Publishers (Author),Christian Books & Bibles,Bibles,USD,20.99,34.99,www.amazon.com,,NA,,NA,,NA,4.8,14461,2990,ATVPDKIKX0DER,Amazon,12/21/2021
426,1432119575,1432119575,Kjv Holy Bible Large Print Compact Saddle Tan Faux Leather W Ribbon Marker Red Letter King James Version,by Christian Art Publishers (Author),Christian Books & Bibles,Bibles,USD,15.39,19.99,www.amazon.com,,NA,,NA,,NA,4.7,11435,2185,ATVPDKIKX0DER,Amazon,12/21/2021
427,1432102400,1432102400,Kjv Holy Bible Standard Size Faux Leather Red Letter Edition Thumb Index Ribbon Marker King James Version Burgundy,by Christian Art Publishers (Publisher),Christian Books & Bibles,Bibles,USD,20.99,24.99,www.amazon.com,,NA,,NA,,NA,4.8,10936,11429,ATVPDKIKX0DER,Shobooks and More,12/21/2021
428,1432132652,1432132652,Kjv Holy Bible Standard Size Faux Leather Red Letter Edition Thumb Index Ribbon Marker King James Version Medium Brown,by Christian Art Publishers (Author),Christian Books & Bibles,Bibles,USD,18.49,24.99,www.amazon.com,,NA,,NA,,NA,4.8,10936,4003,ATVPDKIKX0DER,Amazon,12/21/2021
429,059331817X,059331817X,Klara And The Sun,Kazuo Ishiguro,Literature & Fiction,Fiction,USD,16.09,28,www.amazon.com,Kindle ,14.99,Audiobook ,0,Paperback ,25.01,4.3,22233,159,ATVPDKIKX0DER,Amazon,12/21/2021
430,1601064934,160106493,Knock Knock What I Love About You Fill In The Love Book Fill In The Blank Gift Journal 4 5 X 3 25 Inches,Knock Knock,Self-Help,Relationships,USD,8.01,11.8,www.amazon.com,,NA,,NA,,NA,4.7,15377,139,ATVPDKIKX0DER,Amazon,12/21/2021
431,1602600155,9781602600157,Know Your Bible,Paul Kent,Christian Books & Bibles,Bible Study & Reference,USD,2.19,NA,www.amazon.com,Kindle ,0.99,Paperback ,9.99,,NA,4.6,10975,8388,ATVPDKIKX0DER,Amazon,12/21/2021
432,0306846373,0306846373,Lady In Waiting,Anne Glenconner,History,Europe,USD,15.99,17.99,www.amazon.com,Kindle ,12.99,Audiobook ,0,Hardcover ,4.56,4.4,13678,20989,ATVPDKIKX0DER,Rebound Media,12/21/2021
433,B07R3QYGHY,,Last Day,Luanne Rice,"Mystery, Thriller & Suspense",Thrillers & Suspense,USD,9.99,NA,www.amazon.com,Audiobook Audiobook ,0,Hardcover ,14.49,Paperback ,11.51,4.3,17732,47,,Amazon,12/21/2021
434,145217380X,145217380X,Last Week Tonight With John Oliver Presents A Day In The Life Of Marlon Bundo,Jill TwissMarlon Bundo,Children's Books,Growing Up & Facts of Life,USD,13.55,18.99,www.amazon.com,Kindle ,1.99,Audiobook ,0,,NA,4.9,14627,12598,ATVPDKIKX0DER,AJ's Pop-up Shop,12/21/2021
435,1789096499,1789096499,Later,Stephen King,"Mystery, Thriller & Suspense",Mystery,USD,9.56,14.95,www.amazon.com,Kindle ,9.99,Audiobook ,0,Audio CD ,20.3,4.5,24619,1043,ATVPDKIKX0DER,Murfbooks,12/21/2021
436,0316485624,0316485624,Law Of Innocence,Michael Connelly,"Mystery, Thriller & Suspense",Thrillers & Suspense,USD,14.19,29,www.amazon.com,Kindle ,9.99,Audiobook ,0,Paperback ,13.99,4.5,34833,19952,ATVPDKIKX0DER,FindAnyBook,12/21/2021
437,1542000173,1542000173,Layla,Colleen Hoover,Literature & Fiction,Fiction,USD,9.99,14.95,www.amazon.com,Kindle ,0,Audiobook ,0,Audio CD ,14.99,4.3,13122,1357,ATVPDKIKX0DER,Amazon,12/21/2021
438,1948209543,1948209543,Learn To Read,Modern Kid Press,Children's Books,Fiction,USD,6.99,NA,www.amazon.com,Spiral-bound ,18.98,,NA,,NA,4.7,13750,3257,ATVPDKIKX0DER,"GF Books, Inc.",12/21/2021
439,0062667645,0062667645,Leave The World Behind,Rumaan Alam,Literature & Fiction,Fiction,USD,13.59,16.99,www.amazon.com,Kindle ,12.99,Audiobook ,0,Hardcover ,16,3.6,11464,6767,ATVPDKIKX0DER,Luxifi,12/21/2021
440,B00M284V44,,Leaving Time,"Jodi Picoult (Author), Rebecca Lowman (Narrator), Abigail Revasch (Narrator), Kathe Mazur (Narrator), Mark Deakins (Narrator), Random House Audio (Publisher) & 3 more",Literature & Fiction,Fiction,USD,9.99,NA,www.amazon.com,Kindle ,9.99,Hardcover ,19.14,Paperback ,9.94,4.4,12866,1861,,Amazon,12/21/2021
441,1250272939,1250272939,Legacy,Nora Roberts,Literature & Fiction,Women's Fiction,USD,16.72,28.99,www.amazon.com,Kindle ,14.99,Audiobook ,0,Paperback ,22.28,4.6,14289,6485,ATVPDKIKX0DER,gatecitybooks,12/21/2021
442,B07YKTYZJ6,,Legacy Of Lies,Robert Bailey,"Mystery, Thriller & Suspense",Thrillers & Suspense,USD,9.99,NA,www.amazon.com,Audiobook Audiobook ,0,Paperback ,11.99,Audio CD ,16.65,4.4,11394,3641,,Amazon,12/21/2021
443,1250181909,1250181909,Let That Sh T Go,Monica Sweeney,Humor & Entertainment,Humor,USD,8.99,14.99,www.amazon.com,Spiral-bound ,18.99,,NA,,NA,4.7,23817,73,ATVPDKIKX0DER,Goodwill of North Georgia,12/21/2021
444,B07H4W2ZCK,,Lethal White,"Robert Galbraith (Author), Robert Glenister (Narrator), Hachette Audio (Publisher) & 0 more","Mystery, Thriller & Suspense",Mystery,USD,9.99,NA,www.amazon.com,Kindle ,12.99,Hardcover ,24,Paperback ,11.99,4.6,13700,3296,,Amazon,12/21/2021
445,1948209004,1948209004,Lettering And Modern Calligraphy,Paper Peony Press,Arts & Photography,Graphic Design,USD,6.99,NA,www.amazon.com,,NA,,NA,,NA,4.5,17863,305,ATVPDKIKX0DER,Blue Vase Books,12/21/2021
446,0316129089,0316129089,Leviathan Wakes,James S. A. Corey,Science Fiction & Fantasy,Science Fiction,USD,14.99,17.99,www.amazon.com,Kindle ,9.99,Audiobook ,0,Hardcover ,31.99,4.7,11732,10469,ATVPDKIKX0DER,Rich Media Direct,12/21/2021
447,1982139137,1982139137,Life After Death,Sister Souljah,Literature & Fiction,United States,USD,16.88,27,www.amazon.com,Kindle ,12.99,Audiobook ,0,Paperback ,17.99,4,15284,3734,ATVPDKIKX0DER,Goodwill Gulf Coast,12/21/2021
448,0156027321,9780156027328,Life Of Pi,Yann Martel,Literature & Fiction,Fiction,USD,8.99,15.95,www.amazon.com,Kindle ,9.99,Audiobook ,0,Hardcover ,20.81,4.4,12860,6844,ATVPDKIKX0DER,Jenson Books Inc,12/21/2021
449,1401958036,1401958036,Light Seer S Tarot,Chris-Anne,Religion & Spirituality,New Age & Spirituality,USD,17.46,24.99,www.amazon.com,,NA,,NA,,NA,4.8,10661,1252,ATVPDKIKX0DER,Amazon,12/21/2021
450,1101883081,1101883081,Lilac Girls,Martha Hall Kelly,Literature & Fiction,Fiction,USD,10.05,17,www.amazon.com,Kindle ,12.99,Audiobook ,0,Hardcover ,23.99,4.6,13104,6793,ATVPDKIKX0DER,Jenson Books Inc,12/21/2021
451,1401958230,1401958230,Limitless,Jim Kwik,Business & Money,Business Culture,USD,14.99,26.99,www.amazon.com,Kindle ,12.99,Audiobook ,0,Paperback ,29.99,4.7,12322,1659,ATVPDKIKX0DER,Amazon,12/21/2021
452,0544320417,0544320417,Little Blue Truck S Christmas,Alice SchertleJill McElmurry,Children's Books,Early Learning,USD,10.56,16.99,www.amazon.com,Kindle ,0,Hardcover ,41.91,,NA,4.8,12493,109,ATVPDKIKX0DER,-OnTimeBooks-,12/21/2021
453,0544938097,0544938097,Little Blue Truck S Springtime,Alice Schertle,Children's Books,Geography & Cultures,USD,6.11,13.99,www.amazon.com,Kindle ,0,,NA,,NA,4.8,10795,1860,ATVPDKIKX0DER,Good Books Will Follow,12/21/2021
454,0735224293,9780735224292,Little Fires Everywhere,Celeste Ng,Literature & Fiction,Fiction,USD,12.69,27,www.amazon.com,Kindle ,9.99,Audiobook ,0,Paperback ,10.2,4.5,51944,15439,ATVPDKIKX0DER,ARCK Distribution Co.,12/21/2021
455,0316475114,0316475114,Little Leaders,Vashti Harrison,Children's Books,History,USD,11.48,16.99,www.amazon.com,Kindle ,10.99,Audiobook ,0,Paperback ,12.88,4.9,10893,2980,ATVPDKIKX0DER,Amazon,12/21/2021
456,1982149973,1982149973,Live Free Or Die,Sean Hannity,Politics & Social Sciences,Politics & Government,USD,13.99,30,www.amazon.com,Kindle ,14.99,Audiobook ,0,Paperback ,18.99,4.8,23438,3320,ATVPDKIKX0DER,SRS Company,12/21/2021
457,0316067601,0316067601,Lone Survivor,Marcus Luttrell,Biographies & Memoirs,Leaders & Notable People,USD,10.16,18.99,www.amazon.com,Kindle ,11.99,Audiobook ,0,Hardcover ,31.99,4.8,16175,7427,ATVPDKIKX0DER,Sunny with a Chance of Books,12/21/2021
458,153876153X,153876153X,Long Road To Mercy,David Baldacci,Literature & Fiction,Action & Adventure,USD,13.58,16.99,www.amazon.com,Kindle ,9.99,Audiobook ,0,Hardcover ,14.49,4.4,14681,10907,ATVPDKIKX0DER,-OnTimeBooks-,12/21/2021
459,0142402516,0142402516,Looking For Alaska,John Green,Romance,Contemporary,USD,6.4,12.99,www.amazon.com,Kindle ,9.99,Audiobook ,0,Hardcover ,16.99,4.6,13463,1979,ATVPDKIKX0DER,Amazon,12/21/2021
460,0399501487,0399501487,Lord Of The Flies,William Golding,Politics & Social Sciences,Politics & Government,USD,5.99,11,www.amazon.com,Kindle ,10.99,Audiobook ,0,Hardcover ,20.8,4.6,24888,927,ATVPDKIKX0DER,Clean Earth Books,12/21/2021
461,B017MPCV48,,Louisiana Longshot,"Jana DeLeon (Author), Cassandra Campbell (Narrator), Audible Studios (Publisher) & 0 more","Mystery, Thriller & Suspense",Mystery,USD,9.99,NA,www.amazon.com,Kindle ,0,Paperback ,12.99,MP3 CD ,11.79,4.5,13307,2838,,Amazon,12/21/2021
462,0920668364,0920668364,Love You Forever,Sheila McGraw,Children's Books,Classics,USD,12.46,14.95,www.amazon.com,Kindle ,4.73,Paperback ,4.98,Board book ,8.04,4.9,43247,2350,ATVPDKIKX0DER,-OnTimeBooks-,12/21/2021
463,B07QQDL23D,,Lying Next To Me,"Gregg Olsen (Author), Karen Peakes (Narrator), Scott Merriman (Narrator), Katie Koster (Narrator), P. J. Ochlan (Narrator), Brilliance Audio (Publisher) & 3 more",Literature & Fiction,Fiction,USD,9.99,NA,www.amazon.com,Kindle ,0,Paperback ,7.99,MP3 CD ,14.99,4.4,10452,8545,,Amazon,12/21/2021
464,B0084U0JCW,,Magic Tree House Books 1 4 Ebook Collection,Mary Pope Osborne,Children's Books,Fiction,USD,9.99,NA,www.amazon.com,Paperback ,11.95,Audio CD ,NA,,NA,4.8,16280,63822,,Amazon,12/21/2021
465,0375813659,9780375813658,Magic Tree House Boxed Set Books 1 4,Mary Pope Osborne,Children's Books,"Fairy Tales, Folk Tales & Myths",USD,11.95,23.96,www.amazon.com,Kindle ,14.99,Audio CD ,NA,,NA,4.8,16279,99,ATVPDKIKX0DER,-OnTimeBooks-,12/21/2021
466,006282015X,9780062820150,Magnolia Table,Joanna GainesMarah Stets,"Cookbooks, Food & Wine",Regional & International,USD,16.59,29.99,www.amazon.com,Kindle ,14.99,,NA,,NA,4.8,28122,981,ATVPDKIKX0DER,Amazon,12/21/2021
467,0062820184,0062820184,Magnolia Table Volume 2,Joanna Gaines,"Cookbooks, Food & Wine",Regional & International,USD,14,35,www.amazon.com,Kindle ,17.99,,NA,,NA,4.9,22686,184,ATVPDKIKX0DER,Amazon,12/21/2021
468,B00YZ36Q38,,Make Me,"Lee Child (Author), Jeff Harding (Narrator), Random House Audiobooks (Publisher) & 0 more",Literature & Fiction,Action & Adventure,USD,9.99,NA,www.amazon.com,Kindle ,9.99,Audiobook ,0,Hardcover ,18.29,4.2,16494,81454,,Amazon,12/21/2021
469,1455570249,1455570249,Make Your Bed,by Admiral William H. McRaven (Author),Self-Help,Happiness,USD,11.94,20,www.amazon.com,Kindle ,12.99,Audiobook ,0,Paperback ,NA,4.7,23808,146,ATVPDKIKX0DER,Rich Media Direct,12/21/2021
470,1524798657,1524798657,Malibu Rising,Taylor Jenkins Reid,Literature & Fiction,Fiction,USD,16.8,28,www.amazon.com,Kindle ,13.99,Audiobook ,0,Paperback ,18.24,4.2,22417,584,ATVPDKIKX0DER,California Book Bag,12/21/2021
471,0807000000,9780807000007,Man S Search For Meaning,Viktor E. Frankl,History,World,USD,23.45,26.95,www.amazon.com,Kindle ,9.99,Audiobook ,0,Hardcover ,14.35,4.7,38021,64830,ATVPDKIKX0DER,Amazon,12/21/2021
472,0807060100,0807060100,Man S Search For Meaning Gift Edition,Viktor E. Frankl,History,World,USD,14.35,22.95,www.amazon.com,Kindle ,9.99,Audiobook ,0,Paperback ,8.39,4.7,38021,2055,ATVPDKIKX0DER,worldofbooksinc,12/21/2021
473,0671657860,9780671657864,Many Lives Many Masters,Brian L. Weiss,"Health, Fitness & Dieting",Psychology & Counseling,USD,13.76,17,www.amazon.com,Kindle ,12.99,Audiobook ,0,Hardcover ,54,4.7,10697,2433,ATVPDKIKX0DER,MjTreasuresCT,12/21/2021
474,1465478906,1465478906,Marvel Encyclopedia New Edition,Stephen WiacekDKStan Lee,Comics & Graphic Novels,Graphic Novels,USD,22.04,40,www.amazon.com,Kindle ,11.99,,NA,,NA,4.9,11017,154,ATVPDKIKX0DER,Amazon,12/21/2021
475,1328662055,1328662055,Maybe You Should Talk To Someone,Lori Gottlieb,Self-Help,Relationships,USD,16.66,28,www.amazon.com,Kindle ,12.99,Audiobook ,0,Paperback ,15.89,4.6,15836,2109,ATVPDKIKX0DER,Bargain4You Used Books,12/21/2021
476,1250147603,1250147603,Me,Elton John,Arts & Photography,Music,USD,15.14,30,www.amazon.com,Kindle ,12.99,Audiobook ,0,Paperback ,17.99,4.8,18141,10427,ATVPDKIKX0DER,MjTreasuresCT,12/21/2021
477,1401958451,1401958451,Medical Medium Cleanse To Heal,Anthony William,"Health, Fitness & Dieting",Alternative Medicine,USD,16.99,34.99,www.amazon.com,Kindle ,14.99,Audiobook ,0,,NA,4.7,14784,842,ATVPDKIKX0DER,Amazon,12/21/2021
478,1982151242,1982151242,Melania And Me,Stephanie Winston Wolkoff,Biographies & Memoirs,Leaders & Notable People,USD,13.94,28,www.amazon.com,Kindle ,12.99,Audiobook ,0,Paperback ,14.49,4.1,11990,66812,A21CB373604VNV,Zoey DistributionsZoey DistributionsGREENWORLD BOOKS,12/21/2021
479,1455559806,1455559806,Memory Man,David Baldacci,"Mystery, Thriller & Suspense",Thrillers & Suspense,USD,4.5,9.99,www.amazon.com,Kindle ,9.99,Audiobook ,0,Hardcover ,17.46,4.5,19315,15235,ATVPDKIKX0DER,Amazon,12/21/2021
480,0060652888,0060652888,Mere Christianity,C. S. Lewis,Christian Books & Bibles,Christian Living,USD,22.49,24.99,www.amazon.com,Kindle ,8.99,Audiobook ,0,Paperback ,13.69,4.8,10958,10206,ATVPDKIKX0DER,Media Relay LLC,12/21/2021
481,0525620788,0525620788,Mexican Gothic,Silvia Moreno-Garcia,Literature & Fiction,Fiction,USD,12.07,27,www.amazon.com,Kindle ,10.99,Audiobook ,0,Paperback ,12.07,4.2,17554,6965,ATVPDKIKX0DER,2nd Life Aloha,12/21/2021
482,031670704X,031670704X,Midnight Sun,Stephenie Meyer,Teen & Young Adult,Science Fiction & Fantasy,USD,14,27.99,www.amazon.com,Kindle ,14.99,Audiobook ,0,Paperback ,20,4.8,77749,479,ATVPDKIKX0DER,California Book Bag,12/21/2021
483,144947425X,9781449474256,Milk And Honey,Rupi Kaur,Literature & Fiction,Poetry,USD,7.38,14.99,www.amazon.com,Kindle ,7.01,Audiobook ,0,Hardcover ,17.99,4.7,37615,158,ATVPDKIKX0DER,VMG Books & Media,12/21/2021
484,0345472322,0345472322,Mindset,Carol S. Dweck,Business & Money,Personal Finance,USD,8.55,17,www.amazon.com,Kindle ,13.99,Audiobook ,0,Hardcover ,17.23,4.6,11514,1029,ATVPDKIKX0DER,Retail Albatross,12/21/2021
485,1648750346,1648750346,Misjudged,James Chandler,"Mystery, Thriller & Suspense",Thrillers & Suspense,USD,13.99,NA,www.amazon.com,Kindle ,0,Audiobook ,0,Hardcover ,29.99,4.3,10381,11062,ATVPDKIKX0DER,Amazon,12/21/2021
486,1594744769,1594744769,Miss Peregrine S Home For Peculiar Children,Ransom Riggs,Teen & Young Adult,Science Fiction & Fantasy,USD,10.5,18.99,www.amazon.com,Kindle ,9.99,Audiobook ,0,Paperback ,12.99,4.5,12284,28818,ATVPDKIKX0DER,-OnTimeBooks-,12/21/2021
487,0439023513,9780439023511,Mockingjay,Suzanne Collins,Teen & Young Adult,Fiction,USD,8.74,18.99,www.amazon.com,Kindle ,0,Audiobook ,0,Paperback ,8.69,4.6,33370,20128,A29WCV4DJYPMK8,AlamobazaarusaAlamobazaarusaVMG Books & Media,12/21/2021
488,0804187061,0804187061,Modern Comfort Food,Ina Garten,"Cookbooks, Food & Wine",Cooking Methods,USD,19,35,www.amazon.com,Kindle ,16.99,,NA,,NA,4.8,15380,331,ATVPDKIKX0DER,Littleton Limited LLC,12/21/2021
489,067144901X,067144901X,Moo Baa La La La,Sandra Boynton,Children's Books,Early Learning,USD,3.47,5.99,www.amazon.com,Hardcover ,11.29,,NA,,NA,4.8,14339,475,ATVPDKIKX0DER,Amazon,12/21/2021
490,1781809968,1781809968,Moonology Oracle Cards,Yasmin Boland,Religion & Spirituality,New Age & Spirituality,USD,17.99,19.99,www.amazon.com,,NA,,NA,,NA,4.9,18921,1351,ATVPDKIKX0DER,Amazon,12/21/2021
491,1476754470,1476754470,Mr Mercedes,Stephen King,"Mystery, Thriller & Suspense",Thrillers & Suspense,USD,15.99,18,www.amazon.com,Kindle ,8.99,Audiobook ,0,Hardcover ,26.25,4.5,15396,18099,ATVPDKIKX0DER,gatecitybooks,12/21/2021
492,0241426847,0241426847,Mrs Hinch,Mrs Hinch,"Crafts, Hobbies & Home",Home Improvement & Design,USD,19.7,NA,www.amazon.com,,NA,,NA,,NA,4.8,15127,917121,ATVPDKIKX0DER,Find It HERE For LESS,12/21/2021
493,B08DFSR14S,,Mrs Rochester S Ghost,Lindsay Marcott,"Mystery, Thriller & Suspense",Mystery,USD,9.99,NA,www.amazon.com,Audiobook Audiobook ,0,Hardcover ,13.59,Paperback ,15.95,4.2,10213,3804,,Amazon,12/21/2021
494,1075307945,1075307945,My Best Toddler Coloring Book Fun With Numbers Letters Shapes Colors Animals,Happy Toddlerz,Children's Books,"Activities, Crafts & Games",USD,4.99,NA,www.amazon.com,,NA,,NA,,NA,4.8,10863,386,ATVPDKIKX0DER,Amazon,12/21/2021
495,1641526270,?? 1641526270,My First Learn To Write Workbook,Crystal Radke,Children's Books,Education & Reference,USD,4.53,8.99,www.amazon.com,Spiral-bound ,15.49,,NA,,NA,4.8,64649,26,ATVPDKIKX0DER,Amazon,12/21/2021
496,9387779262,9789387779266,My First Library,Wonder House Books,Children's Books,Education & Reference,USD,17.99,19.99,www.amazon.com,,NA,,NA,,NA,4.6,34157,97,ATVPDKIKX0DER,Amazon Warehouse,12/21/2021
497,1939754984,1939754984,My First Toddler Coloring Book,by Tanya Emelyanova (Illustrator),Children's Books,"Activities, Crafts & Games",USD,3.99,5.99,www.amazon.com,Spiral-bound ,14.99,,NA,,NA,4.8,15197,174,ATVPDKIKX0DER,Amazon,12/21/2021
498,1421582694,9781421582696,My Hero Academia Vol 1,Kohei HorikoshiCaleb D. Cook,Teen & Young Adult,Fiction,USD,7.98,9.99,www.amazon.com,Kindle & comiXology ,6.29,,NA,,NA,4.8,10756,2289,ATVPDKIKX0DER,Amazon,12/21/2021
499,150114524X,150114524X,My Own Words,Ruth Bader Ginsburg,Politics & Social Sciences,Politics & Government,USD,17.99,30,www.amazon.com,Kindle ,12.99,Audiobook ,0,Paperback ,9.18,4.8,10647,8316,ATVPDKIKX0DER,ZBK Books,12/21/2021
500,1477825576,9781477825570,My Sister S Grave,Robert Dugoni,"Mystery, Thriller & Suspense",Thrillers & Suspense,USD,7.49,15.95,www.amazon.com,Kindle ,0,Audiobook ,0,Hardcover ,87.65,4.5,26260,8998,ATVPDKIKX0DER,-OnTimeBooks-,12/21/2021
501,0525564209,0525564209,My Sister The Serial Killer,Oyinkan Braithwaite,Humor & Entertainment,Humor,USD,9.63,16,www.amazon.com,Kindle ,11.99,Audiobook ,0,Hardcover ,45.8,4.2,10366,8039,ATVPDKIKX0DER,California Book Bag,12/21/2021
502,1426320965,9781426320965,National Geographic Kids Why,Crispin Boyer,Children's Books,"Science, Nature & How It Works",USD,11.24,19.99,www.amazon.com,,NA,,NA,,NA,4.8,11194,256,ATVPDKIKX0DER,ThriftBooks-Dallas,12/21/2021
503,1426308469,1426308469,National Geographic Little Kids First Big Book Of Dinosaurs,"by Catherine Hughes (Author), Franco Tempesta (Illustrator)",Children's Books,Education & Reference,USD,8.79,14.95,www.amazon.com,Kindle ,0,Paperback ,NA,,NA,4.8,11742,416,ATVPDKIKX0DER,Clean Earth Books,12/21/2021
504,1426310145,1426310145,National Geographic Little Kids First Big Book Of Space,"by Catherine Hughes (Author), David Aguilar (Illustrator)",Children's Books,Education & Reference,USD,8.99,14.95,www.amazon.com,Kindle ,0,,NA,,NA,4.8,12281,1151,ATVPDKIKX0DER,Amazon,12/21/2021
505,1426307934,1426307934,National Geographic Little Kids First Big Book Of Why,Amy Shields,Children's Books,Education & Reference,USD,8.72,14.95,www.amazon.com,Kindle ,0,Paperback ,229,,NA,4.8,15434,278,ATVPDKIKX0DER,LiquidationFactor,12/21/2021
506,151516294X,151516294X,Never Binge Again,Glenn Livingston Ph.D.,"Health, Fitness & Dieting",Diets & Weight Loss,USD,14.95,NA,www.amazon.com,Kindle ,0,Audiobook ,0,,NA,4.2,13353,19859,ATVPDKIKX0DER,Amazon,12/21/2021
507,B088JHLCT3,,Never Go Back,"Lee Child (Author), Dick Hill (Narrator), Random House Audio (Publisher) & 0 more",Literature & Fiction,Action & Adventure,USD,9.99,NA,www.amazon.com,Kindle ,9.99,Hardcover ,6.58,Paperback ,8.99,4.4,13139,16903,,Amazon,12/21/2021
508,B07XJTDDC5,,Never Look Back,Mary Burton,"Mystery, Thriller & Suspense",Thrillers & Suspense,USD,9.99,NA,www.amazon.com,Audiobook Audiobook ,0,Hardcover ,NA,Paperback ,9.99,4.4,12412,3496,,Amazon,12/21/2021
509,0062407805,0062407805,Never Split The Difference,Chris VossTahl Raz,Business & Money,Management & Leadership,USD,17.99,32.5,www.amazon.com,Kindle ,16.99,Audiobook ,0,Paperback ,16.5,4.8,21322,440,ATVPDKIKX0DER,TLF Company,12/21/2021
510,B01JKG16V6,,Night School,"Lee Child (Author), Dick Hill (Narrator), Random House Audio (Publisher) & 0 more",Literature & Fiction,Action & Adventure,USD,9.99,NA,www.amazon.com,Kindle ,9.99,Hardcover ,5.24,Paperback ,6.5,4.3,13665,2671,,Amazon,12/21/2021
511,1250069831,1250069831,Nine Perfect Strangers,Liane Moriarty,Humor & Entertainment,Humor,USD,11.39,17.99,www.amazon.com,Kindle ,9.99,Audiobook ,0,Hardcover ,17.91,4.1,17210,4268,ATVPDKIKX0DER,California Book Bag,12/21/2021
512,1484009290,1484009290,Noble Beginnings,L.T. Ryan,Literature & Fiction,Action & Adventure,USD,9.99,NA,www.amazon.com,Kindle ,0,Audiobook ,0,Hardcover ,19.99,4.1,10510,17380,ATVPDKIKX0DER,gatecitybooks,12/21/2021
513,1984822187,1984822187,Normal People,Sally Rooney,Literature & Fiction,Fiction,USD,9.33,17,www.amazon.com,Kindle ,13.99,Audiobook ,0,Hardcover ,12.99,4.2,32937,408,ATVPDKIKX0DER,Martistore,12/21/2021
514,039360909X,039360909X,Norse Mythology,Neil Gaiman,Literature & Fiction,Literary,USD,18.39,25.95,www.amazon.com,Kindle ,9.68,Audiobook ,0,Paperback ,10.19,4.7,13451,7053,ATVPDKIKX0DER,-OnTimeBooks-,12/21/2021
515,B082LSG9RQ,,Not One Of Us,Debbie Herbert,"Mystery, Thriller & Suspense",Thrillers & Suspense,USD,9.99,NA,www.amazon.com,Audiobook Audiobook ,0,Paperback ,8.17,Audio CD ,12.99,4.2,18294,8111,,Amazon,12/21/2021
516,1501110349,1501110349,November 9,Colleen Hoover,Literature & Fiction,Women's Fiction,USD,11.27,16.99,www.amazon.com,Kindle ,10.99,Audiobook ,0,Audio CD ,19.99,4.7,10261,303,ATVPDKIKX0DER,Amazon,12/21/2021
517,168052206X,168052206X,Now You Are One,Minnie BirdsongCottage Door Press,Children's Books,Fiction,USD,6.29,7.99,www.amazon.com,,NA,,NA,,NA,4.7,13484,3971,ATVPDKIKX0DER,Clean Earth Books,12/21/2021
518,0395510600,0395510600,Number The Stars,Lois Lowry,Children's Books,Fiction,USD,12.99,17.99,www.amazon.com,Kindle ,0,Audiobook ,0,Paperback ,8.99,4.8,10342,181295,ATVPDKIKX0DER,Jenson Books Inc,12/21/2021
519,0544340000,0544340000,Number The Stars 25th Anniversary,Lois Lowry,Children's Books,Growing Up & Facts of Life,USD,16.19,17.99,www.amazon.com,Kindle ,0,Audiobook ,0,Paperback ,8.99,4.8,10342,107057,ATVPDKIKX0DER,Goodwill Columbus,12/21/2021
520,1948209152,1948209152,Number Tracing Book For Preschoolers And Kids Ages 3 5,Modern Kid Press,Children's Books,Education & Reference,USD,5.99,NA,www.amazon.com,,NA,,NA,,NA,4.8,12104,10311,ATVPDKIKX0DER,Amazon,12/21/2021
521,076532637X,076532637X,Oathbringer,Brandon Sanderson,Literature & Fiction,Action & Adventure,USD,23.26,37.99,www.amazon.com,Kindle ,10.99,Audiobook ,0,Paperback ,18.49,4.8,15704,8111,ATVPDKIKX0DER,Goodbye To the Man,12/21/2021
522,B08L8F4B2J,,Ocean Prey,"John Sandford (Author), Richard Ferrone (Narrator), Penguin Audio (Publisher) & 0 more","Mystery, Thriller & Suspense",Thrillers & Suspense,USD,9.99,NA,www.amazon.com,Kindle ,14.99,Hardcover ,18.98,Paperback ,18.79,4.7,25790,1996,,Amazon,12/21/2021
523,0140177396,0140177396,Of Mice And Men,John Steinbeck,Politics & Social Sciences,Politics & Government,USD,8.18,12,www.amazon.com,Kindle ,8.99,Audiobook ,0,Hardcover ,20.3,4.7,20075,2193,ATVPDKIKX0DER,giggil,12/21/2021
524,0063138646,0063138646,Offer From A Gentleman An,Julia Quinn,Literature & Fiction,Women's Fiction,USD,13.58,16.99,www.amazon.com,Kindle ,7.11,Audiobook ,0,Hardcover ,12.87,4.6,17372,6507,ATVPDKIKX0DER,Amazon,12/21/2021
525,0679891145,9780679891147,Oh Say Can You Say Di No Saur,Bonnie Worth,Children's Books,Fiction,USD,5.47,9.99,www.amazon.com,Kindle ,9.99,Paperback ,15.99,,NA,4.8,14106,128,ATVPDKIKX0DER,Amazon,12/21/2021
526,0679805273,9780679805274,Oh The Places You Ll Go,Dr. Seuss,Children's Books,Classics,USD,8.98,18.99,www.amazon.com,Kindle ,9.99,Audiobook ,0,Paperback ,9.5,4.9,33603,641,ATVPDKIKX0DER,Jenson Books Inc,12/21/2021
527,1419741969,1419741969,Old School,Jeff Kinney,Children's Books,Humor,USD,8.78,14.99,www.amazon.com,Kindle & comiXology ,1.99,Audiobook ,0,Paperback ,12.17,4.8,11167,723,ATVPDKIKX0DER,Amazon,12/21/2021
528,0312601557,0312601557,On The Night You Were Born,Nancy Tillman,Children's Books,Growing Up & Facts of Life,USD,4.98,7.99,www.amazon.com,Kindle ,8.72,Audiobook ,0,Hardcover ,14.54,4.9,13550,1595,ATVPDKIKX0DER,goodwill_ind_of_mid_tn,12/21/2021
529,0063141302,0063141302,On The Way To The Wedding,Julia Quinn,Romance,Historical,USD,7.09,16.99,www.amazon.com,Kindle ,7.99,Audiobook ,0,Hardcover ,17.89,4.6,11480,16097,ATVPDKIKX0DER,Valleys Books & More,12/21/2021
530,0804190119,0804190119,On Tyranny,Timothy Snyder,Politics & Social Sciences,Politics & Government,USD,5.42,9.99,www.amazon.com,Kindle ,8.99,Audiobook ,0,Library Binding ,20.8,4.7,17980,2847,ATVPDKIKX0DER,DBZ Discounts,12/21/2021
531,1439193630,1439193630,On Writing,Stephen King,Reference,"Writing, Research & Publishing Guides",USD,18.48,27,www.amazon.com,Kindle ,12.99,Audiobook ,0,Paperback ,14.59,4.8,10656,8790,ATVPDKIKX0DER,Online Prime Books,12/21/2021
532,B084HKVBB2,,One By One,"Ruth Ware (Author), Imogen Church (Narrator), Simon & Schuster Audio (Publisher) & 0 more","Mystery, Thriller & Suspense",Thrillers & Suspense,USD,9.99,NA,www.amazon.com,Kindle ,12.99,Hardcover ,13.71,Paperback ,12.07,4.3,12072,1938,,Amazon,12/21/2021
533,0525574689,0525574689,One Day In December,Josie Silver,Literature & Fiction,Women's Fiction,USD,12.58,17,www.amazon.com,Kindle ,4.99,Audiobook ,0,Hardcover ,85.99,4.4,12557,1599,ATVPDKIKX0DER,Vivé Liber Books LLC,12/21/2021
534,0394800133,0394800133,One Fish Two Fish Red Fish Blue Fish,Dr. Seuss,Children's Books,Fiction,USD,5.23,9.99,www.amazon.com,Kindle ,7.99,Audiobook ,0,Paperback ,15.03,4.9,14307,977,ATVPDKIKX0DER,ZBK Books,12/21/2021
535,1538750589,1538750589,One Good Deed,David Baldacci,Literature & Fiction,Action & Adventure,USD,9.81,16.99,www.amazon.com,Kindle ,9.99,Audiobook ,0,Hardcover ,18.99,4.5,12741,13166,ATVPDKIKX0DER,GRACEful-e,12/21/2021
536,1524714682,1524714682,One Of Us Is Lying,Karen M. McManus,Teen & Young Adult,Fiction,USD,11,17.99,www.amazon.com,Kindle ,10.99,Audiobook ,0,Paperback ,21.77,4.6,18479,239,ATVPDKIKX0DER,Goodwill KYOWVA,12/21/2021
537,0765356864,0765356864,One Second After,William R. Forstchen,"Mystery, Thriller & Suspense",Thrillers & Suspense,USD,8.99,9.99,www.amazon.com,Kindle ,0,Audiobook ,0,Hardcover ,21.49,4.6,13306,8671,ATVPDKIKX0DER,-OnTimeBooks-,12/21/2021
538,1848549253,1848549253,One Thing,Gary Keller,Business & Money,Job Hunting & Careers,USD,13,NA,www.amazon.com,Kindle ,12.35,Audiobook ,0,Hardcover ,17.06,4.7,10391,9156,A1SVAUAYKYZZD3,? Prime-Saver? Prime-SaverGem City Books,12/21/2021
539,B082WJW31R,,Opium And Absinthe,"Lydia Kang (Author), Bailey Carr (Narrator), Brilliance Audio (Publisher) & 0 more","Mystery, Thriller & Suspense",Mystery,USD,9.99,NA,www.amazon.com,Kindle ,0,Paperback ,8.49,Audio CD ,12.2,4.2,10696,9654,,Amazon,12/21/2021
540,1451645856,1451645856,Ordinary Grace,William Kent Krueger,Literature & Fiction,Fiction,USD,10.19,17,www.amazon.com,Kindle ,12.99,Audiobook ,0,Hardcover ,32.75,4.6,14407,3348,ATVPDKIKX0DER,-OnTimeBooks-,12/21/2021
541,0525563709,0525563709,Origin,Dan Brown,Literature & Fiction,Action & Adventure,USD,8.35,9.99,www.amazon.com,Kindle ,9.99,Audiobook ,0,Hardcover ,17.96,4.4,29463,9475,ATVPDKIKX0DER,GotBooksUSA,12/21/2021
542,0578629097,0578629097,Our Class Is A Family,Shannon Olsen,Children's Books,Growing Up & Facts of Life,USD,11.99,NA,www.amazon.com,Kindle ,0,Hardcover ,NA,,NA,4.8,10447,6513,ATVPDKIKX0DER,10e Books & More,12/21/2021
543,0385302304,0385302304,Outlander,Diana Gabaldon,Literature & Fiction,Fiction,USD,15.99,35,www.amazon.com,Kindle ,5.99,Audiobook ,0,Paperback ,14.69,4.7,38182,4939,ATVPDKIKX0DER,EZSHOP7,12/21/2021
544,0316017922,9780316017923,Outliers,Malcolm Gladwell,Business & Money,Management & Leadership,USD,25,30,www.amazon.com,Kindle ,12.99,Audiobook ,0,Paperback ,14.15,4.7,18586,19909,A3J0TXP0S3TWCN,P&G CONCEPTP&G CONCEPTBeyond Compare Store,12/21/2021
545,038538369X,9780385383691,P Is For Potty,"by Naomi Kleinberg (Author), Christopher Moroney (Illustrator)",Children's Books,Growing Up & Facts of Life,USD,5.68,NA,www.amazon.com,,NA,,NA,,NA,4.7,24338,683,ATVPDKIKX0DER,Amazon,12/21/2021
546,1455563927,9781455563920,Pachinko,Min Jin Lee,Literature & Fiction,Fiction,USD,13.16,17.99,www.amazon.com,Kindle ,11.99,Audiobook,NA,Hardcover ,18.24,4.6,16905,1697,ATVPDKIKX0DER,LiquidationFactor,12/21/2021
547,0761189602,0761189602,Paint By Sticker Kids,Workman Publishing,Children's Books,"Arts, Music & Photography",USD,8.44,9.95,www.amazon.com,,NA,,NA,,NA,4.8,18618,103,ATVPDKIKX0DER,ThriftBooks-Reno,12/21/2021
548,0399593535,0399593535,Past Tense,Lee Child,Literature & Fiction,Action & Adventure,USD,8.9,9.99,www.amazon.com,Kindle ,9.99,Audiobook ,0,Hardcover ,12.5,4.4,15528,22782,ATVPDKIKX0DER,glenthebookseller,12/21/2021
549,1101991062,1101991062,Peace Talks,Jim Butcher,"Mystery, Thriller & Suspense",Mystery,USD,7.48,9.99,www.amazon.com,Kindle ,9.99,Audiobook ,0,Hardcover ,14.39,4.7,16394,13779,ATVPDKIKX0DER,Amazon,12/21/2021
550,1984806750,1984806750,People We Meet On Vacation,Emily Henry,Literature & Fiction,Women's Fiction,USD,9.98,16,www.amazon.com,Kindle ,9.99,Audiobook ,0,Library Binding ,24.49,4.3,22813,191,ATVPDKIKX0DER,LOT 27,12/21/2021
551,B07Z57RYK2,,Pequeno Manual Antirracista,Djamila Ribeiro,Politics & Social Sciences,Social Sciences,USD,9.99,NA,www.amazon.com,Paperback ,11.72,,NA,,NA,4.8,13588,335460,,Amazon,12/21/2021
552,1484707230,1484707230,Percy Jackson And The Olympians 5 Book Paperback Boxed Set,Rick Riordan,Children's Books,"Fairy Tales, Folk Tales & Myths",USD,18.8,35,www.amazon.com,Kindle ,0,Hardcover ,47.49,Audio CD ,126.72,4.9,27312,56,ATVPDKIKX0DER,Amazon,12/21/2021
553,142314189X,142314189X,Percy Jackson And The Olympians Hardcover Boxed Set,Rick Riordan,Children's Books,"Fairy Tales, Folk Tales & Myths",USD,47.49,89.99,www.amazon.com,Kindle ,0,Paperback ,18.8,Audio CD ,126.72,4.9,27312,3647,ATVPDKIKX0DER,Gsaservices,12/21/2021
554,1982182911,1982182911,Peril,Bob Woodward,Biographies & Memoirs,Leaders & Notable People,USD,15,30,www.amazon.com,Kindle ,15.99,Audiobook ,0,Paperback ,19.59,4.5,12659,365,ATVPDKIKX0DER,Vivé Liber Books LLC,12/21/2021
555,1250237238,1250237238,Permanent Record,Edward Snowden,Politics & Social Sciences,Politics & Government,USD,14.59,30,www.amazon.com,Kindle ,0,Audiobook ,0,Paperback ,13.89,4.7,10545,21838,ATVPDKIKX0DER,-OnTimeBooks-,12/21/2021
556,B00M7D82CG,,Personal,"Lee Child (Author), Dick Hill (Narrator), Random House Audio (Publisher) & 0 more",Literature & Fiction,Action & Adventure,USD,9.99,NA,www.amazon.com,Kindle ,8.99,Hardcover ,16,Paperback ,7.48,4.2,18625,4582,,Amazon,12/21/2021
557,1612183956,1612183956,Pines,Blake Crouch,Literature & Fiction,Fiction,USD,6.99,14.95,www.amazon.com,Hardcover ,62,Audio CD Library Binding ,49.97,,NA,4.3,11819,31887,ATVPDKIKX0DER,goodwillakron,12/21/2021
558,163557563X,163557563X,Piranesi,Susanna Clarke,Literature & Fiction,Fiction,USD,16.89,27,www.amazon.com,Kindle ,9.99,Audiobook ,0,Paperback ,14.49,4.5,12573,6668,ATVPDKIKX0DER,JKG Book Franchise,12/21/2021
559,0786965606,078696560,Player S Handbook,Wizards of the Coast,Humor & Entertainment,Puzzles & Games,USD,27.93,NA,www.amazon.com,,NA,,NA,,NA,4.9,37782,1,ATVPDKIKX0DER,Amazon,12/21/2021
560,0544580141,0544580141,Polar Express 30th Anniversary Edition,Chris Van Allsburg,Children's Books,Science Fiction & Fantasy,USD,11.78,19.99,www.amazon.com,Kindle ,0,Paperback ,14.6,Audio CD ,22.92,4.9,14478,59,ATVPDKIKX0DER,EZSHOP7,12/21/2021
561,B0754Y9GNH,,Pooping Pooches White Elephant Gag Gift Calendar,Pooping Pooches,Calendars,Animals,USD,16.99,NA,www.amazon.com,,NA,,NA,,NA,4.8,11249,15,A29NCQ2FD9NH8D,PoopingPoochesPoopingPooches,12/21/2021
562,0763644765,0763644765,Potty,Leslie Patricelli,Children's Books,Growing Up & Facts of Life,USD,6.29,7.99,www.amazon.com,Kindle ,0.99,,NA,,NA,4.7,11820,3396,ATVPDKIKX0DER,-OnTimeBooks-,12/21/2021
563,1680524933,1680524933,Potty Time,Cottage Door Press,Children's Books,Growing Up & Facts of Life,USD,5.21,9.99,www.amazon.com,,NA,,NA,,NA,4.8,13921,1376,ATVPDKIKX0DER,Amazon,12/21/2021
564,1950968332,1950968332,Prayer Journal For Women,Shannon Roberts,Christian Books & Bibles,Christian Living,USD,21.78,29.99,www.amazon.com,Paperback ,9.95,,NA,,NA,4.8,36756,1084,ATVPDKIKX0DER,HPB-Diamond,12/21/2021
565,1948209888,1948209888,Preschool Math Workbook For Toddlers Ages 2 4,Modern Kid Press,Children's Books,Education & Reference,USD,6.99,NA,www.amazon.com,Spiral-bound ,19.95,,NA,,NA,4.7,15173,1998,ATVPDKIKX0DER,Goodwill Minnesota,12/21/2021
566,0811879542,0811879542,Press Here,Herve Tullet,Children's Books,Early Learning,USD,8.98,15.99,www.amazon.com,Board book ,8.08,,NA,,NA,4.8,11958,4126,ATVPDKIKX0DER,-OnTimeBooks-,12/21/2021
567,0062429078,0062429078,Pretty Girls,Karin Slaughter,"Mystery, Thriller & Suspense",Thrillers & Suspense,USD,9.99,NA,www.amazon.com,Kindle ,9.99,Audiobook ,0,Hardcover ,37.7,4.3,10050,7888,ATVPDKIKX0DER,Amazon,12/21/2021
568,0141439513,9780141439518,Pride And Prejudice,Jane Austen,Literature & Fiction,Classics,USD,9,NA,www.amazon.com,Kindle ,0,Audiobook ,0,Hardcover ,22.49,4.6,24978,12275,ATVPDKIKX0DER,Vivé Liber Books LLC,12/21/2021
569,B000EQINJA,,Pride And Prejudice Audible Studios,"Jane Austen (Author), Lindsay Duncan (Narrator), Audible Studios (Publisher) & 0 more",Literature & Fiction,History & Criticism,USD,9.99,NA,www.amazon.com,Kindle ,0,Hardcover ,22.49,Paperback ,9,4.6,24978,14149,,Amazon,12/21/2021
570,0593395565,0593395565,Project Hail Mary,Andy Weir,Literature & Fiction,Action & Adventure,USD,21.06,31,www.amazon.com,Kindle ,14.99,Audiobook ,0,Hardcover ,14.49,4.7,45206,7074,ATVPDKIKX0DER,Amazon,12/21/2021
571,171363029X,171363029X,Project Hail Mary Mp3 Cd,Andy Weir,"Mystery, Thriller & Suspense",Thrillers & Suspense,USD,29.99,NA,www.amazon.com,Kindle ,14.99,Audiobook ,0,Hardcover ,14.49,4.7,45207,52330,ATVPDKIKX0DER,Amazon,12/21/2021
572,1451695195,1451695195,Proof Of Heaven,by Eben Alexander (Author),Medical Books,Medicine,USD,10.49,17,www.amazon.com,Kindle ,12.99,Audiobook ,0,Hardcover ,12.25,4.4,15898,4545,ATVPDKIKX0DER,-OnTimeBooks-,12/21/2021
573,1433832151,1433832151,Publication Manual Of The American Psychological Association,American Psychological Association,"Health, Fitness & Dieting",Psychology & Counseling,USD,9.99,54.99,www.amazon.com,,NA,,NA,,NA,4.8,23510,12394,ATVPDKIKX0DER,Amazon Warehouse,12/21/2021
574,1433805618,1433950618,Publication Manual Of The American Psychological Association 6th Edition,American Psychological Association,"New, Used & Rental Textbooks",Social Sciences,USD,9.99,29.95,www.amazon.com,,NA,,NA,,NA,4.5,12011,27650,A3637K5D5MZ86V,California Book Bag,12/21/2021
575,1539427765,1539427765,Punk 57,Penelope Douglas,Romance,New Adult & College,USD,13.99,14.99,www.amazon.com,Kindle ,0,Audiobook ,0,MP3 CD ,9.99,4.5,11898,633,ATVPDKIKX0DER,Your Prime Store,12/21/2021
576,0553522779,0553522779,Puppy Birthday To You,"by Golden Books (Author), Fabrizio Petrossi (Illustrator)",Children's Books,Animals,USD,4.74,NA,www.amazon.com,Kindle ,1.99,Board book ,7.99,,NA,4.8,11155,5574,ATVPDKIKX0DER,Amazon,12/21/2021
577,B07RWFBM9P,,Quantum,"Patricia Cornwell (Author), January LaVoy (Narrator), Brilliance Audio (Publisher) & 0 more","Mystery, Thriller & Suspense",Thrillers & Suspense,USD,9.99,NA,www.amazon.com,Kindle ,0,Hardcover ,25.99,Paperback ,12.95,3.4,15196,10549,,Amazon,12/21/2021
578,1619636069,1619636069,Queen Of Shadows,Sarah J. Maas,Teen & Young Adult,Fiction,USD,9.39,11.99,www.amazon.com,Kindle ,6.71,Audiobook ,0,Hardcover ,NA,4.8,13843,5207,ATVPDKIKX0DER,Goodwill Michiana,12/21/2021
579,0307352145,0307352145,Quiet,Susan Cain,Self-Help,Relationships,USD,15.47,28,www.amazon.com,Kindle ,14.99,Audiobook ,0,Paperback ,7.73,4.6,16113,9896,ATVPDKIKX0DER,KJS Direct,12/21/2021
580,198213173X,198213173X,Rage,Bob Woodward,Biographies & Memoirs,Leaders & Notable People,USD,10.38,30,www.amazon.com,Kindle ,13.99,Audiobook ,0,Paperback ,14.56,4.6,32791,7993,ATVPDKIKX0DER,Amazon Warehouse,12/21/2021
581,1558585362,1558585362,Rainbow Fish Board Book The,Marcus Pfister,Children's Books,Growing Up & Facts of Life,USD,5.94,9.95,www.amazon.com,Hardcover ,13.99,Paperback ,NA,,NA,4.8,12685,2039,ATVPDKIKX0DER,Amazon,12/21/2021
582,052802244X,052802244X,Rand Mcnally 2021 Large Scale Road Atlas,by Rand McNally (Author),Reference,Atlases & Maps,USD,26.49,NA,www.amazon.com,,NA,,NA,,NA,4.8,18332,25211,ADAJ0SKYQCMZN,WIDE WORLD MAPS and MORE!WIDE WORLD MAPS and MORE!,12/21/2021
583,030788743X,030788743X,Ready Player One,Ernest Cline,Humor & Entertainment,Humor,USD,18.99,28.99,www.amazon.com,Kindle ,12.99,Audiobook ,0,Paperback ,11,4.7,40904,6731,ATVPDKIKX0DER,Red Pool,12/21/2021
584,1524761338,1524761338,Ready Player Two,Ernest Cline,Literature & Fiction,Action & Adventure,USD,13.18,28.99,www.amazon.com,Kindle ,11.99,Audiobook ,0,Paperback ,13.08,4.2,32572,2190,ATVPDKIKX0DER,Momma's Media,12/21/2021
585,0380730405,0380730405,Rebecca,Daphne Du Maurier,"Mystery, Thriller & Suspense",Thrillers & Suspense,USD,10.19,16.99,www.amazon.com,Kindle ,10.99,Audiobook ,0,Hardcover ,14.89,4.5,10678,6871,ATVPDKIKX0DER,-OnTimeBooks-,12/21/2021
586,0345539788,0553390791,Red Rising,Pierce Brown,Literature & Fiction,Action & Adventure,USD,15.99,28,www.amazon.com,Kindle ,5.99,Audiobook ,0,Paperback ,10.39,4.6,11776,11526,ATVPDKIKX0DER,Amazon,12/21/2021
587,1250316774,1250316774,Red White Royal Blue,Casey McQuiston,Literature & Fiction,United States,USD,9.97,16.99,www.amazon.com,Kindle ,10.99,Audiobook ,0,Library Binding ,29.4,4.6,16738,1048,ATVPDKIKX0DER,LOT 27,12/21/2021
588,1590525132,9781590525135,Redeeming Love,Francine Rivers,Christian Books & Bibles,Fiction,USD,12.78,16,www.amazon.com,Kindle ,11.99,Audiobook ,0,Hardcover ,30.93,4.8,13610,292,ATVPDKIKX0DER,-OnTimeBooks-,12/21/2021
589,B07MTRH7HB,,Redemption,"David Baldacci (Author), Kyf Brewer (Narrator), Orlagh Cassidy (Narrator), Hachette Audio (Publisher) & 1 more",Literature & Fiction,Action & Adventure,USD,9.99,NA,www.amazon.com,Kindle ,9.99,Hardcover ,13.69,Paperback ,15.12,4.6,10413,3365,,Amazon,12/21/2021
590,B009NJILSM,,Reflected In You,"Jill Redfield (Narrator), Sylvia Day (Author), Brilliance Audio (Publisher) & 0 more",Literature & Fiction,Women's Fiction,USD,9.99,NA,www.amazon.com,Kindle ,5.99,Hardcover ,39.99,Paperback ,14.95,4.6,11144,4406,,Amazon,12/21/2021
591,1542016428,1542016428,Regretting You,Colleen Hoover,Literature & Fiction,Fiction,USD,10.99,14.95,www.amazon.com,Kindle ,0,Audiobook ,0,Audio CD ,14.99,4.6,12701,741,ATVPDKIKX0DER,Goodwill of Orange County,12/21/2021
592,0593192575,0593192575,Relationship Goals,Michael Todd,Self-Help,Relationships,USD,11.16,23,www.amazon.com,Kindle ,11.99,Audiobook ,0,Paperback ,36.46,4.8,19696,1753,ATVPDKIKX0DER,Amazon,12/21/2021
593,0765326388,0765326388,Rhythm Of War,Brandon Sanderson,Literature & Fiction,Action & Adventure,USD,20.99,34.99,www.amazon.com,Kindle ,15.99,Audiobook ,0,Paperback ,20.99,4.8,27982,3762,ATVPDKIKX0DER,worldofbooksinc,12/21/2021
594,1612680178,1612680178,Rich Dad Poor Dad,Robert T. Kiyosaki,Business & Money,Personal Finance,USD,14.64,17.95,www.amazon.com,Kindle ,0,Audiobook ,0,Mass Market Paperback ,7.18,4.7,63996,1578,ATVPDKIKX0DER,Amazon,12/21/2021
595,1939438551,1939438551,Richest Man In Babylon Original Edition,George S. Clason,Business & Money,Business Culture,USD,12.95,NA,www.amazon.com,Kindle ,1.99,Audiobook ,0,Paperback ,6.99,4.7,21870,13439,ATVPDKIKX0DER,Academic Book Solutions,12/21/2021
596,1250123046,1250123046,Rise Of Magicks,Nora Roberts,"Mystery, Thriller & Suspense",Thrillers & Suspense,USD,12.22,17.99,www.amazon.com,Kindle ,8.99,Audiobook ,0,Hardcover ,14.84,4.7,10814,18371,ATVPDKIKX0DER,-OnTimeBooks-,12/21/2021
597,B00UEKRTW8,,Rogue Lawyer,John Grisham,"Mystery, Thriller & Suspense",Thrillers & Suspense,USD,9.99,NA,www.amazon.com,Audiobook Audiobook ,0,Hardcover ,13.82,Paperback ,14.99,4.2,15002,9400,,Amazon,12/21/2021
598,0063141248,0063141248,Romancing Mister Bridgerton,Julia Quinn,Literature & Fiction,Women's Fiction,USD,8.99,16.99,www.amazon.com,Kindle ,7.99,Audiobook ,0,Hardcover ,12.89,4.6,21038,6500,ATVPDKIKX0DER,Seattlegoodwill,12/21/2021
599,1505259568,1505259568,Romeo And Juliet,by William Shakespeare (Author),Literature & Fiction,Dramas & Plays,USD,6.29,NA,www.amazon.com,,NA,,NA,,NA,4.6,10253,122848,ATVPDKIKX0DER,Valleys Books & More,12/21/2021
600,0803726570,0803726570,Room On The Broom,Julia Donaldson,Children's Books,Science Fiction & Fantasy,USD,16.99,18.99,www.amazon.com,Audiobook Audiobook ,0,Paperback ,12.97,Audio CD ,8.66,4.9,29363,37651,ATVPDKIKX0DER,2nd Life Aloha,12/21/2021
601,B087X9RV3F,,Roommaid,"Sariah Wilson (Author), Lauren Ezzo (Narrator), Brilliance Audio (Publisher) & 0 more",Romance,New Adult & College,USD,9.99,NA,www.amazon.com,Kindle ,0,Paperback ,6.49,Audio CD ,9.99,4.2,16297,22985,,Amazon,12/21/2021
602,080509461X,080509461X,Ruin And Rising,Leigh Bardugo,Teen & Young Adult,Science Fiction & Fantasy,USD,16.17,19.99,www.amazon.com,Kindle ,9.99,Audiobook ,0,Paperback ,7.77,4.6,14762,26373,ATVPDKIKX0DER,ThriftBooks-Phoenix,12/21/2021
603,B009YQ736U,,Running Blind,"Lee Child (Author), Johnathan McClain (Narrator), Penguin Audio (Publisher) & 0 more","Mystery, Thriller & Suspense",Thrillers & Suspense,USD,9.99,NA,www.amazon.com,Kindle ,9.99,Hardcover ,31.99,Paperback ,11.49,4.5,12055,1563,,Amazon,12/21/2021
604,0345434862,0345434862,Sacred Woman,Queen Afua,"Health, Fitness & Dieting",Women's Health,USD,15.46,20,www.amazon.com,Kindle ,11.99,Audiobook ,0,Hardcover ,NA,4.7,19431,1044,ATVPDKIKX0DER,worldofbooksinc,12/21/2021
605,1476753830,1476753830,Salt Fat Acid Heat,Samin NosratWendy MacNaughton,"Cookbooks, Food & Wine",Cooking Education & Reference,USD,16.65,37.5,www.amazon.com,Kindle ,19.99,Audiobook ,0,Audio CD ,14.99,4.8,17653,73,ATVPDKIKX0DER,the_nps_store,12/21/2021
606,0062316095,9780062316097,Sapiens,Yuval Noah Harari,History,World,USD,28.99,37.5,www.amazon.com,Kindle ,14.99,Audiobook ,0,Paperback ,11.2,4.6,50059,3905,ATVPDKIKX0DER,EZSHOP7,12/21/2021
607,B01M7XPGYE,,Say You Re Sorry,Melinda Leigh,"Mystery, Thriller & Suspense",Thrillers & Suspense,USD,9.99,NA,www.amazon.com,Audiobook Audiobook ,0,Library Binding ,38.95,Paperback ,6.99,4.5,11149,1898,,Amazon,12/21/2021
608,158947323X,158947323X,School Zone Addition Subtraction Workbook 64 Pages Ages 6 To 8 1st 2nd Grade Math Place Value Regrouping Fact Tables And More,School Zone,Children's Books,Education & Reference,USD,3.57,NA,www.amazon.com,,NA,,NA,,NA,4.7,12014,756,ATVPDKIKX0DER,Amazon,12/21/2021
609,0938256866,0938256866,School Zone Alphabet Flash Cards Ages 3 And Up Preschool Letter Picture Recognition Word Picture Recognition Alphabet And More,School Zone,Children's Books,Early Learning,USD,2.99,NA,www.amazon.com,,NA,,NA,,NA,4.8,16791,2168,ATVPDKIKX0DER,Amazon,12/21/2021
610,088743147X,088743147X,School Zone Big First Grade Workbook 320 Pages Ages 6 To 7 1st Grade Beginning Reading Phonics Spelling Basic Math Word Problems Time Money And More,School Zone,Children's Books,Growing Up & Facts of Life,USD,5.53,17.59,www.amazon.com,Spiral-bound ,17.99,,NA,,NA,4.8,13402,4374,ATVPDKIKX0DER,goodwill_ind_of_mid_tn,12/21/2021
611,0887431461,0887431461,School Zone Big Kindergarten Workbook 320 Pages Ages 5 To 6 Early Reading And Writing Numbers 0 20 Basic Math Matching Story Order And More,School Zone,Children's Books,Growing Up & Facts of Life,USD,9.99,NA,www.amazon.com,Spiral-bound ,17.99,,NA,,NA,4.8,12554,16423,,Amazon,12/21/2021
612,0887431453,0887431453,School Zone Big Preschool Workbook 320 Pages Ages 3 To 5 Colors Shapes Numbers Early Math Alphabet Pre Writing Phonics Following Directions And More,School Zone,Children's Books,Growing Up & Facts of Life,USD,5.99,12.99,www.amazon.com,,NA,,NA,,NA,4.8,56687,82,ATVPDKIKX0DER,Amazon Warehouse,12/21/2021
613,0887432719,0887432719,School Zone Go Fish Alphabet Game Cards Ages 4 And Up Preschool To First Grade Uppercase And Lowercase Letters Abcs Word Picture Recognition Animals Card Game Matching And More,School Zone,Children's Books,Animals,USD,2.67,4.59,www.amazon.com,,NA,,NA,,NA,4.7,10216,146,ATVPDKIKX0DER,Amazon,12/21/2021
614,0938256939,0938256939,School Zone Multiplication 0 12 Flash Cards Ages 8 3rd Grade 4th Grade Elementary Math Multiplication Facts Common Core And More,School Zone,Children's Books,Education & Reference,USD,2.67,NA,www.amazon.com,,NA,,NA,,NA,4.7,22915,1176,ATVPDKIKX0DER,Amazon,12/21/2021
615,1589474783,1589474783,School Zone Numbers 0 25 Flash Cards Ages 4 To 6 Preschool Kindergarten Math Addition Subtraction Numerical Order Counting And More,"by School Zone (Author), Joan Hoffman (Author)",Children's Books,"Activities, Crafts & Games",USD,2.67,NA,www.amazon.com,,NA,,NA,,NA,4.8,13106,2178,ATVPDKIKX0DER,Amazon,12/21/2021
616,0938256874,0938256874,School Zone Sight Words Flash Cards Ages 5 And Up Kindergarten To 1st Grade Phonics Beginning Reading Sight Reading Early Reading Words And More,School Zone,Education & Teaching,Schools & Teaching,USD,2.67,NA,www.amazon.com,,NA,,NA,,NA,4.8,14501,3844,ATVPDKIKX0DER,Amazon,12/21/2021
617,1948209608,1948209608,Scissor Skills Preschool Workbook For Kids,Modern Kid Press,Children's Books,"Activities, Crafts & Games",USD,5.99,NA,www.amazon.com,,NA,,NA,,NA,4.7,10285,1433,ATVPDKIKX0DER,Amazon,12/21/2021
618,B07RNMM7BG,,Sea Of Memories,"Fiona Valpy (Author), Heather Wilds (Narrator), Brilliance Audio (Publisher) & 0 more",Literature & Fiction,Fiction,USD,9.99,NA,www.amazon.com,Kindle ,0,Paperback ,NA,MP3 CD ,10.58,4.7,11365,39132,,Amazon,12/21/2021
619,1780671067,9781780671062,Secret Garden,Johanna Basford,Arts & Photography,Graphic Design,USD,9.99,15.95,www.amazon.com,,NA,,NA,,NA,4.7,13897,6611,ATVPDKIKX0DER,The Red Owl INC,12/21/2021
620,B07XTD29GV,,See Her Die,Melinda Leigh,"Mystery, Thriller & Suspense",Thrillers & Suspense,USD,9.99,NA,www.amazon.com,Audiobook Audiobook ,0,Hardcover ,17.99,Paperback ,12.95,4.6,12254,678,,Amazon,12/21/2021
621,B014JXS0OG,,See Me,"Nicholas Sparks (Author), Christopher Ryan Grant (Narrator), Hachette Audio (Publisher) & 0 more",Literature & Fiction,Fiction,USD,9.99,NA,www.amazon.com,Kindle ,8.99,Hardcover ,14.62,Paperback ,9.54,4.6,10934,1770,,Amazon,12/21/2021
622,0762460865,0762460865,Sesame Street,Jon Stone,"Crafts, Hobbies & Home",Antiques & Collectibles,USD,9.95,NA,www.amazon.com,Kindle ,2.83,Hardcover ,2.98,Board book ,4.74,4.9,23181,128696,ATVPDKIKX0DER,Amazon,12/21/2021
623,1542021545,1542021545,Seven Perfect Things,Catherine Ryan Hyde,Literature & Fiction,Fiction,USD,10.95,14.95,www.amazon.com,Kindle ,0,Audiobook ,0,Hardcover ,14.99,4.5,21626,9788,ATVPDKIKX0DER,Amazon,12/21/2021
624,0805094598,9780805094596,Shadow And Bone,Leigh Bardugo,Teen & Young Adult,Science Fiction & Fantasy,USD,16.89,19.99,www.amazon.com,Kindle ,9.99,Audiobook ,0,Paperback ,7.82,4.5,21976,17130,ATVPDKIKX0DER,Amazon,12/21/2021
625,0143123629,0143123629,Shadow Of Night,Deborah Harkness,Literature & Fiction,Fiction,USD,15.99,18,www.amazon.com,Kindle ,12.99,Audiobook ,0,Hardcover ,18.38,4.7,14153,17059,ATVPDKIKX0DER,Bibliopolium LLC,12/21/2021
626,B083LK31L1,,Shadows In Death,"Susan Ericksen (Narrator), J. D. Robb (Author), Macmillan Audio (Publisher) & 0 more","Mystery, Thriller & Suspense",Mystery,USD,9.99,NA,www.amazon.com,Kindle ,8.99,Hardcover ,15.11,Paperback ,14.16,4.8,18252,2937,,Amazon,12/21/2021
627,0312330537,0312330537,Shantaram,Gregory David Roberts,Literature & Fiction,Action & Adventure,USD,15.29,19.99,www.amazon.com,Kindle ,0,Audiobook ,0,Hardcover ,23.52,4.6,10120,7562,ATVPDKIKX0DER,Vivé Liber Books LLC,12/21/2021
628,0307341550,0307341550,Sharp Objects,Gillian Flynn,"Mystery, Thriller & Suspense",Mystery,USD,10.22,17,www.amazon.com,Kindle ,11.99,Audiobook ,0,Hardcover ,22.99,4.4,16417,5677,ATVPDKIKX0DER,VMG Books & Media,12/21/2021
629,1501135910,1501135910,Shoe Dog,Phil Knight,Biographies & Memoirs,Professionals & Academics,USD,22.08,30,www.amazon.com,Kindle ,14.99,Audiobook ,0,Paperback ,9.08,4.8,18656,36478,A1KIF2Y9A1PQYE,allnewbooksallnewbooks,12/21/2021
630,0802148506,0802148506,Shuggie Bain,Douglas Stuart,Literature & Fiction,Fiction,USD,12.17,17,www.amazon.com,Kindle ,8.67,Audiobook ,0,Hardcover ,23.36,4.4,25878,7013,ATVPDKIKX0DER,Media Trading Inc,12/21/2021
631,0805094601,0805094601,Siege And Storm,Leigh Bardugo,Teen & Young Adult,Science Fiction & Fantasy,USD,14.4,19.99,www.amazon.com,Kindle ,9.99,Audiobook ,0,Paperback ,8.46,4.5,15703,20597,ATVPDKIKX0DER,Amazon,12/21/2021
632,125007696X,9781250076960,Six Of Crows,Leigh Bardugo,Teen & Young Adult,Fiction,USD,7.99,11.99,www.amazon.com,Kindle ,9.99,Audiobook ,0,Hardcover ,23.71,4.7,18306,1464,ATVPDKIKX0DER,Bay State Book Company,12/21/2021
633,0008375526,0008375526,Skincare,Caroline Hirons,"Crafts, Hobbies & Home",Home Improvement & Design,USD,28.89,NA,www.amazon.com,Kindle ,16.99,Audiobook ,0,Digital ,NA,4.8,10884,41101,ATVPDKIKX0DER,KathrynAshleyGallery,12/21/2021
634,0385333846,0812988523,Slaughterhouse Five,Kurt Vonnegut,Literature & Fiction,Fiction,USD,14.99,17,www.amazon.com,Kindle ,7.99,Audiobook ,0,Hardcover ,26,4.5,10947,2846,ATVPDKIKX0DER,2nd Life Aloha,12/21/2021
635,0345544978,0345544978,Small Great Things,Jodi Picoult,Literature & Fiction,Fiction,USD,13.58,17,www.amazon.com,Kindle ,11.99,Audiobook ,0,Hardcover ,17.27,4.7,20527,5687,ATVPDKIKX0DER,-OnTimeBooks-,12/21/2021
636,1580058825,1580058825,So You Want To Talk About Race,Ijeoma Oluo,Politics & Social Sciences,Social Sciences,USD,8.46,16.99,www.amazon.com,Kindle ,10.99,Audiobook ,0,Hardcover ,13.19,4.7,11598,5349,ATVPDKIKX0DER,Amazon,12/21/2021
637,1492663999,1492663999,Sold On A Monday,Kristina McMorris,Literature & Fiction,Fiction,USD,7.99,15.99,www.amazon.com,Kindle ,0,Audiobook ,0,Library Binding ,32.52,4.4,22747,2270,ATVPDKIKX0DER,Vivé Liber Books LLC,12/21/2021
638,0385547684,0385547684,Sooley,John Grisham,Literature & Fiction,Fiction,USD,15.67,28.95,www.amazon.com,Kindle ,14.99,Audiobook ,0,Paperback ,22.49,4.5,28404,681,ATVPDKIKX0DER,SCLbooks,12/21/2021
639,1628603135,1628603135,Southern Keto,Natasha Newton,"Cookbooks, Food & Wine",Regional & International,USD,15.49,34.95,www.amazon.com,Kindle ,9.99,Spiral-bound ,28.99,,NA,4.7,10714,2385,ATVPDKIKX0DER,Amazon,12/21/2021
640,1542020093,1542020093,Spellbreaker,Charlie N. Holmberg,Literature & Fiction,Action & Adventure,USD,6.69,14.95,www.amazon.com,Kindle ,0,Audiobook ,0,Audio CD ,14.99,4.3,19356,68634,ATVPDKIKX0DER,Lovely Book Gallery,12/21/2021
641,0615835600,0615835600,Spilled Milk,K.L Randis,Parenting & Relationships,Family Relationships,USD,19.99,25,www.amazon.com,Kindle ,0,Audiobook ,0,Hardcover ,29.99,4.7,18179,5387,ATVPDKIKX0DER,Next Stop Thrift,12/21/2021
642,052543528X,052543528X,Squeeze Me,Carl Hiaasen,Literature & Fiction,Humor & Satire,USD,12.98,16.95,www.amazon.com,Kindle ,9.99,Audiobook ,0,Hardcover ,13.69,4.4,16387,4570,ATVPDKIKX0DER,Amazon,12/21/2021
643,1568585985,1568585985,Stamped From The Beginning,Ibram X. Kendi,History,Americas,USD,10.14,19.99,www.amazon.com,Kindle ,12.99,Audiobook ,0,Hardcover ,20.7,4.8,10918,5516,ATVPDKIKX0DER,Clickgoodwill,12/21/2021
644,1591842808,1591842808,Start With Why,Simon Sinek,Business & Money,Business Culture,USD,16.19,28,www.amazon.com,Kindle ,11.99,Audiobook ,0,Paperback ,14.4,4.6,19330,8604,ATVPDKIKX0DER,Jenson Books Inc,12/21/2021
645,1797128507,1797128507,State Of Terror,Louise PennyHillary Rodham Clinton,"Mystery, Thriller & Suspense",Thrillers & Suspense,USD,24.64,39.99,www.amazon.com,Kindle ,14.99,Audiobook ,0,Hardcover ,15,4.5,11771,57186,ATVPDKIKX0DER,Amazon Warehouse,12/21/2021
646,0385353308,0385353308,Station Eleven,Emily St. John Mandel,Science Fiction & Fantasy,Science Fiction,USD,24.95,27.95,www.amazon.com,Kindle ,11.99,Audiobook ,0,Paperback ,10.23,4.3,13332,16087,ATVPDKIKX0DER,HPB Inc.,12/21/2021
647,1451648537,1451648537,Steve Jobs,Walter Isaacson,Biographies & Memoirs,Professionals & Academics,USD,17.21,35,www.amazon.com,Kindle ,16.99,Audiobook ,0,Paperback ,15.99,4.7,10384,7779,ATVPDKIKX0DER,KJS Direct,12/21/2021
648,1439102813,1439102813,Still Alice,Lisa Genova,Literature & Fiction,Fiction,USD,11.5,16.99,www.amazon.com,Kindle ,12.99,Audiobook ,0,Hardcover ,44.47,4.7,10098,23229,ATVPDKIKX0DER,Jenson Books Inc,12/21/2021
649,0312541538,0312541538,Still Life,Louise Penny,"Mystery, Thriller & Suspense",Mystery,USD,9.76,17.99,www.amazon.com,Kindle ,0,Audiobook ,0,Hardcover ,31.99,4.3,16032,2361,ATVPDKIKX0DER,Sayvmore,12/21/2021
650,1075388651,1075388651,Stoner Coloring Book For Adults,Edwina Mc Namee,Comics & Graphic Novels,Graphic Novels,USD,7.99,NA,www.amazon.com,,NA,,NA,,NA,4.7,13505,6643,ATVPDKIKX0DER,Vivé Liber Books LLC,12/21/2021
651,0525541918,0525541918,Such A Fun Age,Kiley Reid,Literature & Fiction,United States,USD,10.36,17,www.amazon.com,Kindle ,12.99,Audiobook ,0,Hardcover ,14.17,4.2,21648,4998,ATVPDKIKX0DER,California Book Bag,12/21/2021
652,1338230891,1338230891,Super Deluxe Essential Handbook,Scholastic,Children's Books,"Activities, Crafts & Games",USD,9.99,NA,www.amazon.com,Library Binding ,NA,,NA,,NA,4.8,19545,14541,,Amazon,12/21/2021
653,0062297198,0062297198,Superlife,Darin Olien,"Health, Fitness & Dieting",Diets & Weight Loss,USD,10.79,17.99,www.amazon.com,Kindle ,13.49,Audiobook ,0,Hardcover ,26.49,4.7,10050,7975,ATVPDKIKX0DER,Jenson Books Inc,12/21/2021
654,0316389706,0316389706,Sword Of Destiny,Andrzej SapkowskiDavid French,Literature & Fiction,Short Stories & Anthologies,USD,15.49,17.99,www.amazon.com,Kindle ,9.99,Audiobook ,0,Audio CD ,17.5,4.8,11599,803,ATVPDKIKX0DER,JW-Wilson,12/21/2021
655,0345543246,0345543246,Sycamore Row,John Grisham,"Mystery, Thriller & Suspense",Thrillers & Suspense,USD,7.49,9.99,www.amazon.com,Kindle ,8.99,Audiobook ,0,Hardcover ,17.99,4.6,31304,19954,ATVPDKIKX0DER,Amazon,12/21/2021
656,0316478520,0316478520,Talking To Strangers,Malcolm Gladwell,Self-Help,Relationships,USD,11.89,30,www.amazon.com,Kindle ,12.99,Audiobook ,0,Paperback ,15.44,4.5,12835,1016,ATVPDKIKX0DER,Wilson Mercantile,12/21/2021
657,1529361338,1529361338,Tall Tales And Wee Stories,Billy Connolly,Literature & Fiction,History & Criticism,USD,20.99,26.99,www.amazon.com,Kindle ,2.99,Paperback ,16.99,,NA,4.6,11456,210797,ATVPDKIKX0DER,Bahamut Media,12/21/2021
658,0399175210,0399175210,Tarcherperigee Burn After Writing,Sharon Jones,Reference,"Writing, Research & Publishing Guides",USD,6.99,14,www.amazon.com,Spiral-bound ,17.99,,NA,,NA,4.6,34724,980,ATVPDKIKX0DER,Vivé Liber Books LLC,12/21/2021
659,0786967021,0786967021,Tasha S Cauldron Of Everything,Wizards RPG Team,Science Fiction & Fantasy,Fantasy,USD,27.18,49.95,www.amazon.com,,NA,,NA,,NA,4.8,17556,470,ATVPDKIKX0DER,bellwetherbooks,12/21/2021
660,0671631985,0671631985,Teach Your Child To Read In 100 Easy Lessons,Siegfried EngelmannPhyllis HaddoxElaine Bruner,Education & Teaching,Schools & Teaching,USD,13.99,25,www.amazon.com,Spiral-bound ,NA,,NA,,NA,4.6,12786,2481,ATVPDKIKX0DER,BuenaWave Bookstore,12/21/2021
661,0634065408,0634065408,Teach Yourself To Play Guitar,David M. Brewster,Arts & Photography,Music,USD,6.99,NA,www.amazon.com,Kindle ,4.99,Sheet music ,11.99,,NA,4.4,11537,393,ATVPDKIKX0DER,-OnTimeBooks-,12/21/2021
662,1538715945,1538715945,The 19th Christmas,James PattersonMaxine Paetro,"Mystery, Thriller & Suspense",Thrillers & Suspense,USD,10,16.99,www.amazon.com,Kindle ,9.99,Audiobook ,0,Hardcover ,14.17,4.7,13721,14819,ATVPDKIKX0DER,VMG Books & Media,12/21/2021
663,B0863HX8N7,,The 20th Victim,"James Patterson (Author), Maxine Paetro (Author), January LaVoy (Narrator), Little, Brown & Company (Publisher) & 1 more","Mystery, Thriller & Suspense",Mystery,USD,9.99,NA,www.amazon.com,Kindle ,11.99,Hardcover ,14.26,Paperback ,11.54,4.7,14533,4026,,Amazon,12/21/2021
664,194820956X,194820956X,The 3 Minute Gratitude Journal For Kids,by Modern Kid Press (Author),Children's Books,"Arts, Music & Photography",USD,6.99,NA,www.amazon.com,,NA,,NA,,NA,4.7,10206,215,ATVPDKIKX0DER,Yellow Book Sales,12/21/2021
665,0091929113,9780091929114,The 4 Hour Work Week,Timothy Ferriss,Business & Money,Business Culture,USD,21.39,NA,www.amazon.com,Kindle ,11.99,Audiobook ,0,Hardcover ,13.36,4.5,15420,51886,A1OUQDLXYX7Q0J,TIP TOP STORETIP TOP STOREDesert Pueblo Books,12/21/2021
666,0307465357,0307465357,The 4 Hour Workweek,Timothy Ferriss,Business & Money,Business Culture,USD,13.36,24.99,www.amazon.com,Kindle ,11.99,Audiobook ,0,Paperback ,21.39,4.5,15420,1524,ATVPDKIKX0DER,Artemis Speed,12/21/2021
667,0140280197,0140280197,The 48 Laws Of Power,Robert Greene,Politics & Social Sciences,Politics & Government,USD,14.7,26,www.amazon.com,Kindle ,16.99,Audiobook ,0,Hardcover ,104.5,4.7,33382,96,ATVPDKIKX0DER,Amazon,12/21/2021
668,1443456624,1443456624,The 5 Am Club,Robin Sharma,Business & Money,Management & Leadership,USD,16.27,23.99,www.amazon.com,Kindle ,11.99,Audiobook ,0,Paperback ,7.29,4.6,14620,16245,ATVPDKIKX0DER,Momma's Media,12/21/2021
669,080241270X,080241270X,The 5 Love Languages,Gary Chapman,Self-Help,Relationships,USD,7.57,15.99,www.amazon.com,Kindle ,7.19,Audiobook ,0,Leather Bound ,82.36,4.8,58827,114,ATVPDKIKX0DER,Amazon,12/21/2021
670,1407186604,1407186604,The Adventures Of Dog Man 2,Dav Pilkey,Children's Books,Comics & Graphic Novels,USD,14.11,NA,www.amazon.com,Kindle & comiXology ,5.99,Hardcover ,6.98,,NA,4.9,13893,45088,ATVPDKIKX0DER,Amazon Warehouse,12/21/2021
671,B000BO2D3C,,The Alchemist,"Paulo Coelho (Author), Jeremy Irons (Narrator), HarperAudio (Publisher) & 0 more",Literature & Fiction,Fiction,USD,9.99,NA,www.amazon.com,Kindle ,11.99,Hardcover ,37.52,Paperback ,8.89,4.7,64522,59,,Amazon,12/21/2021
672,0062315005,0062315005,The Alchemist 25th Anniversary,Paulo Coelho,Literature & Fiction,Fiction,USD,8.89,16.99,www.amazon.com,Kindle ,11.99,Audiobook ,0,Hardcover ,37.52,4.7,64522,137,ATVPDKIKX0DER,Vivé Liber Books LLC,12/21/2021
673,0060887966,0060887966,The Alchemist Gift Edition,Paulo Coelho,Reference,"Writing, Research & Publishing Guides",USD,37.52,NA,www.amazon.com,Kindle ,11.99,Audiobook ,0,Paperback ,8.89,4.7,64522,123481,A25X5FLQ1MMXNX,TheWorldShopUSATheWorldShopUSA,12/21/2021
674,0062654195,0062654195,The Alice Network,Kate Quinn,Literature & Fiction,Fiction,USD,11.46,16.99,www.amazon.com,Kindle ,10.99,Audiobook ,0,Hardcover ,32.99,4.6,18709,1706,ATVPDKIKX0DER,Jenson Books Inc,12/21/2021
675,0321832019,0321832019,The Anatomy Coloring Book,"by Wynn Kapit (Author), Lawrence M. Elson (Author)","New, Used & Rental Textbooks",Medicine & Health Sciences,USD,9.99,29.99,www.amazon.com,,NA,,NA,,NA,4.6,10129,2745,ATVPDKIKX0DER,TrustedMarketing,12/21/2021
676,179711588X,179711588X,The Answer Is,Alex Trebek,Biographies & Memoirs,Arts & Literature,USD,18.79,29.99,www.amazon.com,Kindle ,13.99,Audiobook ,0,Hardcover ,14.16,4.8,10616,60714,ATVPDKIKX0DER,Yarn Dog Inc,12/21/2021
677,B07DW5427J,,The Art Of Inheriting Secrets,"Barbara O'Neal (Author), Stina Nielsen (Narrator), Brilliance Audio (Publisher) & 0 more",Literature & Fiction,Fiction,USD,9.99,NA,www.amazon.com,Kindle ,0,Paperback ,6.99,MP3 CD ,14.99,4.4,11536,18854,,Amazon,12/21/2021
678,0061537934,9780061537936,The Art Of Racing In The Rain,Garth Stein,Literature & Fiction,Fiction,USD,14.85,25.99,www.amazon.com,Kindle ,10.99,Audiobook ,0,Paperback ,9.99,4.7,14886,27700,ATVPDKIKX0DER,MediaFlow,12/21/2021
679,1590302257,9781590302255,The Art Of War,Sun Tzu,History,Military,USD,7.68,8.99,www.amazon.com,Kindle ,0.49,Audiobook ,0,Hardcover ,9.44,4.5,18897,41233,ATVPDKIKX0DER,AJ's Pop-up Shop,12/21/2021
680,1940026016,1940026016,The Atlantis Gene,A.G. Riddle,Literature & Fiction,Fiction,USD,13.49,14.99,www.amazon.com,Kindle ,0,Audiobook ,0,Hardcover ,24.99,4.1,23342,9656,ATVPDKIKX0DER,Ornelas People,12/21/2021
681,1940026032,1940026032,The Atlantis Plague,A.G. Riddle,Literature & Fiction,Fiction,USD,11.99,NA,www.amazon.com,Kindle ,0,Audiobook ,0,Hardcover ,24.99,4.4,10215,28891,ATVPDKIKX0DER,Rebel used books and antiques,12/21/2021
682,0345350685,0345350685,The Autobiography Of Malcolm X,Alex Haley,Politics & Social Sciences,Social Sciences,USD,6.99,7.99,www.amazon.com,Kindle ,7.99,Audiobook ,0,Hardcover ,16.69,4.8,13577,4063,ATVPDKIKX0DER,ZBK Books,12/21/2021
683,1250272610,1250272610,The Awakening,Nora Roberts,Science Fiction & Fantasy,Fantasy,USD,14.9,28.99,www.amazon.com,Kindle ,11.99,Audiobook ,0,Paperback ,13.84,4.8,17475,3747,ATVPDKIKX0DER,-OnTimeBooks-,12/21/2021
684,1641525258,1641525258,The Backyard Bug Book For Kids,Lauren Davidson,Children's Books,Animals,USD,6.99,NA,www.amazon.com,Kindle ,0,Spiral-bound ,15.99,,NA,4.8,10717,676,ATVPDKIKX0DER,Amazon,12/21/2021
685,006246776X,006246776X,The Bad Seed,Jory JohnPete Oswald,Children's Books,Growing Up & Facts of Life,USD,11.73,18.99,www.amazon.com,Kindle ,0,Audiobook ,0,Paperback ,15.94,4.8,11122,2231,ATVPDKIKX0DER,"James River Sales, LLC",12/21/2021
686,1338635174,1338635174,The Ballad Of Songbirds And Snakes,Suzanne Collins,Teen & Young Adult,Fiction,USD,13.99,27.99,www.amazon.com,Kindle ,17.99,Audiobook ,0,Paperback ,11.66,4.7,44191,1168,ATVPDKIKX0DER,-OnTimeBooks-,12/21/2021
687,1696781868,1696781868,The Beach House,Rachel Hanna,Literature & Fiction,Fiction,USD,11.99,NA,www.amazon.com,Kindle ,2.99,Audiobook ,0,,NA,4.3,13104,4674,ATVPDKIKX0DER,-OnTimeBooks-,12/21/2021
688,0593128176,0593128176,The Beekeeper Of Aleppo,Christy Lefteri,Literature & Fiction,Fiction,USD,8.96,17,www.amazon.com,Kindle ,8.99,Audiobook ,0,Hardcover ,19.98,4.4,19169,446,ATVPDKIKX0DER,Amazon,12/21/2021
689,B07CJPR71W,,The Beekeeper S Promise,"Fiona Valpy (Author), Henrietta Meire (Narrator), Brilliance Audio (Publisher) & 0 more",Literature & Fiction,Fiction,USD,9.99,NA,www.amazon.com,Kindle ,0,Paperback ,7.49,MP3 CD ,10.58,4.5,13819,17894,,Amazon,12/21/2021
690,031075013X,031075013X,The Beginner S Bible,The Beginner's Bible,Children's Books,Religions,USD,7.67,18.99,www.amazon.com,Kindle ,7.99,Audiobook ,0,,NA,4.9,16713,293,ATVPDKIKX0DER,ThriftBooks-Reno,12/21/2021
691,B08C36KC3J,,The Best Of Friends,"Lucinda Berry (Author), Amy Rubinate (Narrator), Tara Sands (Narrator), Coleen Marlo (Narrator), Brilliance Audio (Publisher) & 2 more","Mystery, Thriller & Suspense",Thrillers & Suspense,USD,9.99,NA,www.amazon.com,Kindle ,0,Library Binding ,38.95,Paperback ,11.99,4.3,11052,1738,,Amazon,12/21/2021
692,164152815X,164152815X,The Bible In 52 Weeks,Dr. Kimberly D. Moore,Christian Books & Bibles,Bible Study & Reference,USD,8.99,14.99,www.amazon.com,Kindle ,0,Spiral-bound ,18.96,,NA,4.7,15861,271,ATVPDKIKX0DER,Amazon,12/21/2021
693,1943451524,1943451524,The Big Book Of Organic Baby Food,Stephanie Middleberg MS RD CDN,"Cookbooks, Food & Wine",Cooking by Ingredient,USD,13.69,16.99,www.amazon.com,Kindle ,4.99,Spiral-bound ,21.75,,NA,4.7,10104,1455,ATVPDKIKX0DER,Surfin' Jonny's Used Books.,12/21/2021
694,1641526378,1641526378,The Big Book Of Silly Jokes For Kids,Carole P. Roman,Children's Books,Education & Reference,USD,5.99,9.99,www.amazon.com,Kindle ,0,Spiral-bound ,18.99,,NA,4.7,15704,44,ATVPDKIKX0DER,Goodwill Columbus,12/21/2021
695,1455542679,1455542679,The Black Book,James PattersonDavid Ellis,"Mystery, Thriller & Suspense",Thrillers & Suspense,USD,12.17,16.99,www.amazon.com,Kindle ,9.99,Audiobook ,0,Hardcover ,26,4.6,11275,17752,ATVPDKIKX0DER,The Product Peddler,12/21/2021
696,B085LRMRQD,,The Black Echo,"Michael Connelly (Author), Titus Welliver (Narrator), Brilliance Audio (Publisher) & 0 more","Mystery, Thriller & Suspense",Mystery,USD,9.99,NA,www.amazon.com,Kindle ,9.99,Hardcover ,NA,Paperback ,2.66,4.6,10639,1272,,Amazon,12/21/2021
697,1423146735,1484724917,The Blood Of Olympus,Rick Riordan,Children's Books,"Fairy Tales, Folk Tales & Myths",USD,11.49,19.99,www.amazon.com,Kindle ,0,Audiobook ,0,Paperback ,9.99,4.8,12014,20131,ATVPDKIKX0DER,MjTreasuresCT,12/21/2021
698,0385539304,0385539304,The Body,Bill Bryson,Humor & Entertainment,Humor,USD,14.19,30,www.amazon.com,Kindle ,11.99,Audiobook ,0,Paperback ,14.19,4.7,11609,7228,ATVPDKIKX0DER,BankofBooks,12/21/2021
699,0143127748,0143127748,The Body Keeps The Score,by Bessel van der Kolk M.D. (Author),Medical Books,Medicine,USD,11.4,19,www.amazon.com,Kindle ,12.99,Audiobook ,0,Hardcover ,22.53,4.8,39631,44,ATVPDKIKX0DER,Amazon,12/21/2021
700,B07WWV3DDJ,,The Bone Jar,S W Kane,"Mystery, Thriller & Suspense",Thrillers & Suspense,USD,9.99,NA,www.amazon.com,Audiobook Audiobook ,0,Paperback ,8.99,Audio CD ,5.35,4.3,10718,9125,,Amazon,12/21/2021
701,0143127527,0143127527,The Book Of Life,Deborah Harkness,Literature & Fiction,Fiction,USD,15.99,18,www.amazon.com,Kindle ,13.99,Audiobook ,0,Hardcover ,15.9,4.7,16685,21067,ATVPDKIKX0DER,Rich Media Direct,12/21/2021
702,0143111396,0143111396,The Book Of Longings,Sue Monk Kidd,Literature & Fiction,Fiction,USD,11.5,17,www.amazon.com,Kindle ,11.99,Audiobook ,0,Hardcover ,14.06,4.5,12828,3510,ATVPDKIKX0DER,Old Cary Books,12/21/2021
703,1984819909,1984819909,The Book Of Lost Friends,Lisa Wingate,Literature & Fiction,Fiction,USD,13.3,17,www.amazon.com,Kindle ,11.99,Audiobook ,0,Hardcover ,13.91,4.5,14440,7657,ATVPDKIKX0DER,-OnTimeBooks-,12/21/2021
704,198213190X,198213190X,The Book Of Lost Names,Kristin Harmel,Literature & Fiction,Fiction,USD,10.69,16.99,www.amazon.com,Kindle ,12.99,Audiobook ,0,Hardcover ,19.25,4.7,11063,2680,ATVPDKIKX0DER,Treasures & Goods,12/21/2021
705,1984818376,1984818376,The Book Of Two Ways,Jodi Picoult,Literature & Fiction,Fiction,USD,13.31,17,www.amazon.com,Kindle ,10.99,Audiobook ,0,Hardcover ,11.35,4.1,14041,7258,ATVPDKIKX0DER,Missouri_Goodwill_Industries,12/21/2021
706,0375842209,0375842209,The Book Thief,Markus Zusak,Children's Books,Growing Up & Facts of Life,USD,6.99,14.99,www.amazon.com,Kindle Edition with Audio/Video ,8.99,Audiobook ,0,Hardcover ,14.49,4.7,31084,490,ATVPDKIKX0DER,glenthebookseller,12/21/2021
707,0803741715,0141361794,The Book With No Pictures,B. J. Novak,Children's Books,Growing Up & Facts of Life,USD,8.64,17.99,www.amazon.com,Kindle ,10.99,Audiobook ,0,Paperback ,13.52,4.8,14339,348,ATVPDKIKX0DER,California Book Bag,12/21/2021
708,1492671525,1492671525,The Book Woman Of Troublesome Creek,Kim Michele Richardson,Literature & Fiction,Fiction,USD,7.99,15.99,www.amazon.com,Kindle ,0,Audiobook ,0,Hardcover ,14.39,4.6,26714,2051,ATVPDKIKX0DER,Vivé Liber Books LLC,12/21/2021
709,B07ZPDRVYF,,The Boy From The Woods,"Harlan Coben (Author), Steven Weber (Narrator), Brilliance Audio (Publisher) & 0 more","Mystery, Thriller & Suspense",Mystery,USD,9.99,NA,www.amazon.com,Kindle ,11.99,Hardcover ,13.16,Paperback ,9.99,4.4,14330,1274,,Amazon,12/21/2021
710,0385751893,0385751893,The Boy In The Striped Pajamas,John Boyne,Teen & Young Adult,Fiction,USD,7.21,9.99,www.amazon.com,Kindle ,9.99,Audiobook ,0,Hardcover ,15.3,4.7,15426,49015,ATVPDKIKX0DER,HarryBat,12/21/2021
711,0385751060,0385751060,The Boy In The Striped Pajamas By Boyne John Hardcover,John Boyne,Children's Books,Growing Up & Facts of Life,USD,15.3,17.99,www.amazon.com,Kindle ,9.99,Audiobook ,0,Paperback ,9.99,4.7,15426,18647,ATVPDKIKX0DER,Bay State Book Company,12/21/2021
712,0062976583,0062976583,The Boy The Mole The Fox And The Horse,Charlie Mackesy,Comics & Graphic Novels,Graphic Novels,USD,10.35,22.99,www.amazon.com,Kindle ,11.99,Audiobook ,0,Audio CD ,12.29,4.8,87406,35,ATVPDKIKX0DER,"Goodwill Industries - Big Bend, Inc.",12/21/2021
713,0143125478,9780143125471,The Boys In The Boat,Daniel James Brown,History,Americas,USD,9.29,18,www.amazon.com,Kindle ,7.99,Audiobook ,0,Hardcover ,32.99,4.8,28517,863,ATVPDKIKX0DER,AP Books and More,12/21/2021
714,B00MP238IM,,The Burning Room,"Michael Connelly (Author), Titus Welliver (Narrator), Hachette Audio (Publisher) & 0 more","Mystery, Thriller & Suspense",Mystery,USD,9.99,NA,www.amazon.com,Kindle ,11.99,Hardcover ,36,Paperback ,7.98,4.5,10989,4244,,Amazon,12/21/2021
715,1503934713,9781503934719,The Butterfly Garden,Dot Hutchison,"Mystery, Thriller & Suspense",Thrillers & Suspense,USD,7.39,15.95,www.amazon.com,Kindle ,0,Audiobook ,0,Hardcover ,NA,4.4,22177,5963,ATVPDKIKX0DER,Goodwill Industries of Northern Michigan,12/21/2021
716,1609580834,1609580834,The Care And Keeping Of You,"by Valorie Schaefer (Author), Josee Masse (Illustrator)",Children's Books,Growing Up & Facts of Life,USD,11.04,12.99,www.amazon.com,Kindle ,10.49,Library Binding ,NA,Spiral-bound ,21.55,4.8,21337,719,ATVPDKIKX0DER,-OnTimeBooks-,12/21/2021
717,1609580427,1609580427,The Care And Keeping Of You 2,Cara Natterson,Children's Books,Growing Up & Facts of Life,USD,8.89,12.99,www.amazon.com,Kindle ,8.45,Library Binding ,NA,Spiral-bound ,18.95,4.8,10900,1797,ATVPDKIKX0DER,-OnTimeBooks-,12/21/2021
718,039480001X,039480001X,The Cat In The Hat,Dr. Seuss,Children's Books,Fiction,USD,5.23,9.99,www.amazon.com,Kindle ,7.99,Audiobook ,0,Paperback ,10.99,4.9,15785,1522,ATVPDKIKX0DER,goodwill_ind_of_mid_tn,12/21/2021
719,0316769177,9780316769174,The Catcher In The Rye,J. D. Salinger,Literature & Fiction,United States,USD,12.78,15.99,www.amazon.com,Kindle ,9.99,Hardcover ,15.99,Mass Market Paperback ,5.21,4.5,23720,1692,ATVPDKIKX0DER,-OnTimeBooks-,12/21/2021
720,006283486X,006283486X,The Cellist,Daniel Silva,Literature & Fiction,Action & Adventure,USD,17.78,28.99,www.amazon.com,Kindle ,14.99,Audiobook ,0,Paperback ,21.26,4,19584,5015,ATVPDKIKX0DER,Momma's Media,12/21/2021
721,1501130781,1501130781,The Choice,by Dr. Edith Eva Eger (Author),History,World,USD,22.83,27,www.amazon.com,Kindle ,13.99,Audiobook ,0,Paperback ,10.37,4.8,13293,46683,ATVPDKIKX0DER,Momma's Media,12/21/2021
722,0060244887,0060244887,The Chronicles Of Narnia,C. S. Lewis,Children's Books,Fiction,USD,53.99,120,www.amazon.com,Kindle ,29.99,Audiobook ,0,Paperback ,20.33,4.8,11222,3717,ATVPDKIKX0DER,Amazon,12/21/2021
723,B0835YQDTQ,,The Chronicles Of Narnia Adult Box Set,"C. S. Lewis (Author), Kenneth Branagh (Narrator), Alex Jennings (Narrator), Michael York (Narrator), Lynn Redgrave (Narrator), Derek Jacobi (Narrator), Jeremy Northam (Narrator), Patrick Stewart (Narrator), HarperCollins (Publisher) & 6 more",Science Fiction & Fantasy,Fantasy,USD,9.99,NA,www.amazon.com,Kindle ,29.99,Hardcover ,53.99,Paperback ,20.33,4.8,11222,85,,Amazon,12/21/2021
724,B083J7QQ89,,The Cipher,Isabella Maldonado,"Mystery, Thriller & Suspense",Thrillers & Suspense,USD,9.99,NA,www.amazon.com,Audiobook Audiobook ,0,Paperback ,9.89,Audio CD ,12.32,4.4,31002,16,,Amazon,12/21/2021
725,074327010X,074327010X,The Coldest Winter Ever,Sister Souljah,Literature & Fiction,United States,USD,9.98,17,www.amazon.com,Kindle ,12.99,Hardcover ,NA,Mass Market Paperback ,5.66,4.9,15405,2681,ATVPDKIKX0DER,Amazon,12/21/2021
726,1631492853,1631492853,The Color Of Law,Richard Rothstein,Politics & Social Sciences,Sociology,USD,17.84,27.95,www.amazon.com,Kindle ,7.99,Audiobook ,0,Paperback ,12.53,4.8,14605,21902,ATVPDKIKX0DER,2VETERANS,12/21/2021
727,0717802418,0717802418,The Communist Manifesto,Karl MarxFriedrich Engels,Politics & Social Sciences,Politics & Government,USD,3,NA,www.amazon.com,Kindle ,3.99,Audiobook ,0,Hardcover ,9.47,4.3,10614,2144,ATVPDKIKX0DER,Amazon,12/21/2021
728,1623159040,1623159040,The Complete Anti Inflammatory Diet For Beginners,Dorothy CalimerisLulu Cook,Medical Books,Medicine,USD,11.39,18.99,www.amazon.com,Kindle ,0,Hardcover ,29.9,Spiral-bound ,30.98,4.4,11044,551,ATVPDKIKX0DER,Amazon,12/21/2021
729,1492670022,1492670022,The Complete Cookbook For Young Chefs,by America's Test Kitchen Kids (Author),Children's Books,Growing Up & Facts of Life,USD,11.49,19.99,www.amazon.com,Kindle ,9.2,Spiral-bound ,45.99,,NA,4.8,16156,50,ATVPDKIKX0DER,Wa Tacoma Goodwill Olympics Rainier Region,12/21/2021
730,1628600012,1628600012,The Complete Guide To Fasting,Dr. Jason FungJimmy Moore,"Health, Fitness & Dieting",Diets & Weight Loss,USD,15.37,29.95,www.amazon.com,Kindle ,9.99,Audiobook ,0,Spiral-bound ,30.48,4.7,13992,2891,ATVPDKIKX0DER,-OnTimeBooks-,12/21/2021
731,1623158087,1623158087,The Complete Ketogenic Diet For Beginners,Amy Ramos,"Cookbooks, Food & Wine",Special Diet,USD,6.98,11.99,www.amazon.com,Kindle ,0,Audiobook ,0,Library Binding ,NA,4.3,25595,1768,ATVPDKIKX0DER,Amazon,12/21/2021
732,1940352649,1940352649,The Complete Mediterranean Cookbook,America's Test Kitchen,"Cookbooks, Food & Wine",Regional & International,USD,14.63,34.99,www.amazon.com,Kindle ,17.99,Hardcover ,26.1,,NA,4.5,12845,380,ATVPDKIKX0DER,Fridays Store,12/21/2021
733,1948703947,1948703947,The Complete Mediterranean Cookbook Gift Edition,America's Test Kitchen,"Cookbooks, Food & Wine",Regional & International,USD,26.1,40,www.amazon.com,Kindle ,17.99,Paperback ,14.63,,NA,4.5,12845,2388,ATVPDKIKX0DER,Amazon,12/21/2021
734,0735221103,0735221103,The Couple Next Door,Shari Lapena,"Mystery, Thriller & Suspense",Thrillers & Suspense,USD,9.96,16,www.amazon.com,Kindle ,7.99,Audiobook ,0,Hardcover ,46.5,4.3,24002,3020,ATVPDKIKX0DER,-OnTimeBooks-,12/21/2021
735,1952457254,1952457254,The Crown Of Gilded Bones,Jennifer L. Armentrout,Romance,Paranormal,USD,17.9,18.99,www.amazon.com,Kindle ,7.99,Audiobook ,0,Hardcover ,31.99,4.6,21807,1795,ATVPDKIKX0DER,Blessed Book,12/21/2021
736,0316310271,0316310271,The Cruel Prince,Holly Black,Teen & Young Adult,Fiction,USD,13.54,19.99,www.amazon.com,Kindle ,10.99,Audiobook ,0,Paperback ,NA,4.5,13901,3663,ATVPDKIKX0DER,Goodwill of North Georgia,12/21/2021
737,1582972400,9781582972404,The Crystal Bible,Judy Hall,Religion & Spirituality,New Age & Spirituality,USD,14.95,21.99,www.amazon.com,,NA,,NA,,NA,4.8,10556,192,ATVPDKIKX0DER,the_nps_store,12/21/2021
738,0316206857,0316206857,The Cuckoo S Calling,Robert Galbraith,"Mystery, Thriller & Suspense",Thrillers & Suspense,USD,11.8,18,www.amazon.com,Kindle ,8.99,Audiobook ,0,Hardcover ,17.99,4.2,24202,8983,ATVPDKIKX0DER,Jenson Books Inc,12/21/2021
739,1400032717,9781400032716,The Curious Incident Of The Dog In The Night Time,Mark Haddon,Literature & Fiction,Fiction,USD,7.29,15,www.amazon.com,Kindle ,12.99,Audiobook ,0,Hardcover ,17.59,4.3,11546,5703,ATVPDKIKX0DER,Amazon,12/21/2021
740,0735211736,0735211736,The Daily Stoic,Ryan HolidayStephen Hanselman,Business & Money,Business Culture,USD,20.56,27,www.amazon.com,Kindle ,8.99,Audiobook ,0,Paperback ,15,4.8,17197,336,ATVPDKIKX0DER,Amazon,12/21/2021
741,B07NRG8PFH,,The Dancing Girls,M.M. Chouinard,"Mystery, Thriller & Suspense",Thrillers & Suspense,USD,9.99,NA,www.amazon.com,Audiobook Audiobook ,0,Paperback ,11.49,Mass Market Paperback ,8.99,4.2,10527,25394,,Amazon,12/21/2021
742,0316485640,0316485640,The Dark Hours,Michael Connelly,"Mystery, Thriller & Suspense",Thrillers & Suspense,USD,14.33,29,www.amazon.com,Kindle ,14.99,Audiobook ,0,Paperback ,16.19,4.7,15576,267,ATVPDKIKX0DER,the_nps_store,12/21/2021
743,0399255370,0399255370,The Day The Crayons Quit,Drew DaywaltOliver Jeffers,Children's Books,"Arts, Music & Photography",USD,9.19,17.99,www.amazon.com,Kindle ,10.99,Audiobook ,0,Paperback ,12.08,4.8,16628,563,ATVPDKIKX0DER,Amazon,12/21/2021
744,0007513763,9780007513765,The Days The Crayons Quit,Drew Daywalt,Children's Books,Fiction,USD,12.08,NA,www.amazon.com,Kindle ,10.99,Audiobook ,0,Hardcover ,9.19,4.8,16628,113569,ATVPDKIKX0DER,VMG Books & Media,12/21/2021
745,1775293939,1775293939,The Deal,Elle Kennedy,Romance,Contemporary,USD,13.59,16.99,www.amazon.com,Kindle ,0,Audiobook ,0,MP3 CD ,8.11,4.6,18449,2670,ATVPDKIKX0DER,Academic Book Solutions,12/21/2021
746,1419748688,1419748688,The Deep End,Jeff Kinney,Children's Books,Fiction,USD,7.38,14.99,www.amazon.com,Kindle & comiXology ,7.01,Audiobook ,0,Paperback ,14.47,4.9,36460,179,ATVPDKIKX0DER,Goodwill Southern California,12/21/2021
747,1338600834,1338600834,The Dinky Donkey,Craig Smith,Children's Books,Growing Up & Facts of Life,USD,4.42,7.99,www.amazon.com,Kindle ,4.99,Board book ,8.99,,NA,4.8,11973,1211,ATVPDKIKX0DER,Amazon,12/21/2021
748,1542005132,1542005132,The Dressmaker S Gift,Fiona Valpy,Literature & Fiction,Fiction,USD,8.99,14.95,www.amazon.com,Kindle ,0,Audiobook ,0,MP3 CD ,14.99,4.5,25606,7855,ATVPDKIKX0DER,Great Time Books,12/21/2021
749,B01BSN15F6,,The Dry,Jane Harper,"Mystery, Thriller & Suspense",Thrillers & Suspense,USD,9.99,NA,www.amazon.com,Audiobook Audiobook ,0,Hardcover ,25.92,Paperback ,9.98,4.4,12933,19093,,Amazon,12/21/2021
750,0062353594,0062353594,The Duke And I,Julia Quinn,Literature & Fiction,Women's Fiction,USD,4.99,8.99,www.amazon.com,Kindle ,7.99,Audiobook ,0,Hardcover ,20.49,4.6,32433,10958,ATVPDKIKX0DER,Amazon,12/21/2021
751,0062963686,0062963686,The Dutch House,Ann Patchett,Literature & Fiction,Fiction,USD,10.9,17,www.amazon.com,Kindle ,10.99,Audiobook ,0,Hardcover ,13.85,4.4,26810,3877,ATVPDKIKX0DER,Retaliation Resale,12/21/2021
752,1939754445,1939754445,The Easy 5 Ingredient Ketogenic Diet Cookbook,Jen Fisch,"Cookbooks, Food & Wine",Regional & International,USD,6.76,14.99,www.amazon.com,Kindle ,0,Spiral-bound ,24.55,,NA,4.4,13765,1258,ATVPDKIKX0DER,Goodwill of Colorado,12/21/2021
753,B00MQ5E7V0,,The Escape,"David Baldacci (Author), Ron McLarty (Narrator), Orlagh Cassidy (Narrator), Hachette Audio (Publisher) & 1 more","Mystery, Thriller & Suspense",Thrillers & Suspense,USD,9.99,NA,www.amazon.com,Kindle ,9.99,Hardcover ,14.02,Paperback ,9.99,4.6,12853,5776,,Amazon,12/21/2021
754,0451478010,0451478010,The Evening And The Morning,Ken Follett,Literature & Fiction,Fiction,USD,14.62,20,www.amazon.com,Kindle ,12.99,Audiobook ,0,Hardcover ,19.51,4.6,44395,5781,ATVPDKIKX0DER,GreatBookDealz,12/21/2021
755,1503948978,1503948978,The Extraordinary Life Of Sam Hell,Robert Dugoni,Literature & Fiction,Fiction,USD,10.99,14.95,www.amazon.com,Kindle ,0,Audiobook ,0,Hardcover ,NA,4.6,18915,3363,ATVPDKIKX0DER,gatecitybooks,12/21/2021
756,1250832365,1250832365,The Eye Of The World,Robert Jordan,Literature & Fiction,Action & Adventure,USD,8.24,18.99,www.amazon.com,Kindle ,10.99,Audiobook ,0,Hardcover ,19.59,4.7,13380,574,ATVPDKIKX0DER,Amazon,12/21/2021
757,B07BKR71W1,,The Fallen,"David Baldacci (Author), Kyf Brewer (Narrator), Orlagh Cassidy (Narrator), Hachette Audio (Publisher) & 1 more",Literature & Fiction,Action & Adventure,USD,9.99,NA,www.amazon.com,Kindle ,9.99,Hardcover ,17.58,Paperback ,12.78,4.6,10114,3651,,Amazon,12/21/2021
758,1501190113,1501190113,The Family Upstairs,Lisa Jewell,Literature & Fiction,Women's Fiction,USD,12.96,17,www.amazon.com,Kindle ,12.99,Audiobook ,0,Hardcover ,13.48,4.4,28028,4444,ATVPDKIKX0DER,Rich Media Direct,12/21/2021
759,014242417X,014242417X,The Fault In Our Stars,John Green,Teen & Young Adult,Fiction,USD,6.1,12.99,www.amazon.com,Kindle ,9.99,Audiobook ,0,Hardcover ,11.5,4.7,57358,2200,ATVPDKIKX0DER,Amazon,12/21/2021
760,0385315279,0385315279,The Fiery Cross,Diana Gabaldon,Literature & Fiction,Fiction,USD,24.99,35,www.amazon.com,Kindle ,9.99,Audiobook ,0,Paperback ,15.3,4.7,13553,26297,ATVPDKIKX0DER,Movous,12/21/2021
761,B01NBW6632,,The Fix,"David Baldacci (Author), Kyf Brewer (Narrator), Orlagh Cassidy (Narrator), Hachette Audio (Publisher) & 1 more",Literature & Fiction,Action & Adventure,USD,9.99,NA,www.amazon.com,Kindle ,9.99,Hardcover ,17.4,Paperback ,9.94,4.6,10931,3637,,Amazon,12/21/2021
762,1878424319,9781878424310,The Four Agreements,Don Miguel Ruiz,Self-Help,Personal Transformation,USD,5.77,12.95,www.amazon.com,Kindle ,5.77,Audiobook ,0,Hardcover ,NA,4.7,69648,28,ATVPDKIKX0DER,Goodwill Minnesota,12/21/2021
763,1250178606,1250178606,The Four Winds,Kristin Hannah,Literature & Fiction,Fiction,USD,14,28.99,www.amazon.com,Kindle ,14.99,Audiobook ,0,Paperback ,19.9,4.5,84324,115,ATVPDKIKX0DER,cratehog,12/21/2021
764,1419741985,1419741985,The Getaway,Jeff Kinney,Children's Books,Growing Up & Facts of Life,USD,8.08,14.99,www.amazon.com,Kindle & comiXology ,1.99,Audiobook ,0,Paperback ,10.84,4.8,13137,896,ATVPDKIKX0DER,Hippo Books,12/21/2021
765,0593133587,0593133587,The Gifts Of Imperfection,Brené Brown,"Health, Fitness & Dieting",Psychology & Counseling,USD,13.14,25,www.amazon.com,Kindle ,12.99,Audiobook ,0,Paperback ,10.5,4.7,25019,2106,ATVPDKIKX0DER,angelscorner,12/21/2021
766,B085LLCPT5,,The Gifts Of Imperfection 10th Anniversary Edition,"Brené Brown (Author, Narrator), Random House Audio (Publisher)",Medical Books,Psychology,USD,9.99,NA,www.amazon.com,Kindle ,12.99,Hardcover ,13.14,Paperback ,10.5,4.7,25019,120,,Amazon,12/21/2021
767,B083V6KFRR,,The Girl Beneath The Sea,"Andrew Mayne (Author), Susannah Jones (Narrator), Brilliance Audio (Publisher) & 0 more",Literature & Fiction,Action & Adventure,USD,9.99,NA,www.amazon.com,Kindle ,0,Paperback ,8.71,Audio CD ,14.99,4.3,16029,14724,,Amazon,12/21/2021
768,B08FXMMKCS,,The Girl In Cabin 13,"A.J. Rivers (Author, Publisher), Claire Duncan (Narrator)","Mystery, Thriller & Suspense",Mystery,USD,9.99,NA,www.amazon.com,Kindle ,0,Paperback ,12.99,,NA,4.3,10394,2589,,Amazon,12/21/2021
769,B00VGIKA6O,,The Girl In The Spider S Web,"David Lagercrantz (Author), Simon Vance (Narrator), Random House Audio (Publisher) & 0 more","Mystery, Thriller & Suspense",Mystery,USD,9.99,NA,www.amazon.com,Kindle ,9.99,Hardcover ,9.29,Paperback ,9.99,4.1,17373,6011,,Amazon,12/21/2021
770,B00QXTYDNC,,The Girl On The Train,"Paula Hawkins (Author), Clare Corbett (Narrator), Louise Brealey (Narrator), India Fisher (Narrator), Penguin Audio (Publisher) & 2 more","Mystery, Thriller & Suspense",Thrillers & Suspense,USD,9.99,NA,www.amazon.com,Kindle ,12.99,Hardcover ,12.09,Paperback ,7.48,4.1,87601,1543,,Amazon,12/21/2021
771,1616205679,1616205679,The Girl Who Drank The Moon,Kelly Barnhill,Children's Books,Growing Up & Facts of Life,USD,10.25,17.95,www.amazon.com,Kindle ,6.06,Audiobook ,0,Paperback ,6.38,4.7,15426,1925,ATVPDKIKX0DER,Jenson Books Inc,12/21/2021
772,1683993055,1683993055,The Girl Who Lived,Christopher Greyson,"Mystery, Thriller & Suspense",Thrillers & Suspense,USD,13.29,15.99,www.amazon.com,Kindle ,0,Audiobook ,0,Hardcover ,15.1,4.3,14004,18468,ATVPDKIKX0DER,Flashdeals,12/21/2021
773,0307949486,0307949486,The Girl With The Dragon Tattoo,Stieg Larsson,"Mystery, Thriller & Suspense",Thrillers & Suspense,USD,9.7,NA,www.amazon.com,Kindle ,9.99,Audiobook ,0,Hardcover ,10.55,4.5,13346,16944,ATVPDKIKX0DER,-OnTimeBooks-,12/21/2021
774,1524746029,1524746029,The Girl With The Louding Voice,Abi Daré,Literature & Fiction,Fiction,USD,17.31,26,www.amazon.com,Kindle ,12.99,Audiobook ,0,Paperback ,12.28,4.6,10859,36402,ATVPDKIKX0DER,Media Relay LLC,12/21/2021
775,B08LMN5TVG,,The Girls In The Attic,Marius Gabriel,Literature & Fiction,Fiction,USD,9.99,NA,www.amazon.com,Audiobook Audiobook ,0,Paperback ,7.99,Audio CD ,7.88,4.5,10916,4764,,Amazon,12/21/2021
776,0544336267,9780544336261,The Giver,Lois Lowry,Teen & Young Adult,Fiction,USD,5.55,9.99,www.amazon.com,Kindle ,0,Audiobook ,0,Hardcover ,13.56,4.7,22330,970,ATVPDKIKX0DER,glenthebookseller,12/21/2021
777,054434068X,054434068X,The Giver Movie Tie In Edition,Lois Lowry,Teen & Young Adult,Science Fiction & Fantasy,USD,5,9.99,www.amazon.com,Kindle ,0,Audiobook ,0,Hardcover ,13.56,4.7,22330,57512,ATVPDKIKX0DER,Amazon,12/21/2021
778,0399562486,0399562486,The Giver Of Stars,Jojo Moyes,Literature & Fiction,Fiction,USD,15.99,28,www.amazon.com,Kindle ,11.99,Audiobook ,0,Paperback ,10.36,4.6,40237,8326,ATVPDKIKX0DER,-OnTimeBooks-,12/21/2021
779,0060256656,0060256656,The Giving Tree,Shel Silverstein,Children's Books,Classics,USD,9.09,17.99,www.amazon.com,Kindle ,0,,NA,,NA,4.9,23158,797,ATVPDKIKX0DER,FindAnyBook,12/21/2021
780,074324754X,074324754X,The Glass Castle,Jeannette Walls,Biographies & Memoirs,Arts & Literature,USD,13.15,17,www.amazon.com,Kindle ,12.99,Audiobook ,0,Hardcover ,16.99,4.6,16213,3006,ATVPDKIKX0DER,-OnTimeBooks-,12/21/2021
781,0671449028,0671449028,The Going To Bed Book,Sandra Boynton,Children's Books,Early Learning,USD,3.59,5.99,www.amazon.com,Hardcover ,13.5,,NA,,NA,4.8,12326,305,ATVPDKIKX0DER,Amazon,12/21/2021
782,0316055433,9780316055437,The Goldfinch,Donna Tartt,LGBTQ+ Books,Fiction,USD,29.99,34,www.amazon.com,Kindle ,13.99,Audiobook ,0,Paperback ,17.99,4,39695,30794,ATVPDKIKX0DER,-OnTimeBooks-,12/21/2021
783,1250120950,1250120950,The Good Sister,Sally Hepworth,Literature & Fiction,Fiction,USD,16.79,27.99,www.amazon.com,Kindle ,14.99,Audiobook ,0,Paperback ,13.46,4.4,13267,6321,ATVPDKIKX0DER,Rich Media Direct,12/21/2021
784,1250229537,1250229537,The Great Alone,Kristin Hannah,Literature & Fiction,Fiction,USD,11.69,17.99,www.amazon.com,Kindle ,11.99,Audiobook ,0,Hardcover ,15.56,4.7,28824,1090,ATVPDKIKX0DER,Amazon,12/21/2021
785,1640322795,1640322795,The Great Gatsby,F Scott Fitzgerald,Literature & Fiction,Fiction,USD,10.97,NA,www.amazon.com,Kindle ,4.99,Audiobook ,0,Paperback ,3.55,4.5,18051,37163,ATVPDKIKX0DER,ABBOTT BAY,12/21/2021
786,150720471X,9781507204719,The Green Witch,Arin Murphy-Hiscock,Religion & Spirituality,New Age & Spirituality,USD,9.68,17.99,www.amazon.com,Kindle ,0,Audiobook ,0,Audio CD ,17.49,4.8,20166,702,ATVPDKIKX0DER,Amazon,12/21/2021
787,0142403873,0142403873,The Gruffalo,Julia Donaldson,Children's Books,Animals,USD,4.99,7.99,www.amazon.com,Audiobook Audiobook ,0,Hardcover ,15.99,Audio CD ,12.75,4.9,20576,126,ATVPDKIKX0DER,Amazon,12/21/2021
788,0385544189,0385544189,The Guardians,John Grisham,"Mystery, Thriller & Suspense",Thrillers & Suspense,USD,13.74,29.95,www.amazon.com,Kindle ,9.99,Audiobook ,0,Paperback ,10.8,4.5,30098,9567,ATVPDKIKX0DER,HarryBat,12/21/2021
789,0385340990,1741751683,The Guernsey Literary And Potato Peel Pie Society,Mary Ann ShafferAnnie Barrows,Literature & Fiction,Fiction,USD,18.95,27,www.amazon.com,Kindle ,1.99,Audiobook ,0,Paperback ,10.1,4.7,13292,135526,A1KA8B9GZJ76LQ,DANO PRODUCTSDANO PRODUCTSVivé Liber Books LLC,12/21/2021
790,0062868942,0062868942,The Guest List,Lucy Foley,"Mystery, Thriller & Suspense",Mystery,USD,13.09,16.99,www.amazon.com,Kindle ,11.99,Audiobook ,0,Hardcover ,18.53,4.2,54938,709,ATVPDKIKX0DER,cratehog,12/21/2021
791,038549081X,038549081X,The Handmaid S Tale,Margaret Atwood,Literature & Fiction,Fiction,USD,7.99,15.95,www.amazon.com,Kindle ,0,Audiobook ,0,Hardcover ,14.99,4.4,50377,2387,ATVPDKIKX0DER,Vivé Liber Books LLC,12/21/2021
792,0062968394,0062968394,The Happy In A Hurry Cookbook,Steve Doocy,"Cookbooks, Food & Wine",Cooking Education & Reference,USD,13.69,29.99,www.amazon.com,Kindle ,15.99,,NA,,NA,4.6,15043,4845,ATVPDKIKX0DER,Rich Media Direct,12/21/2021
793,161638610X,9781616386108,The Harbinger,Jonathan Cahn,Religion & Spirituality,Fiction,USD,11.49,16.99,www.amazon.com,Kindle ,7.56,Audiobook ,0,Hardcover ,53.61,4.7,17592,4994,ATVPDKIKX0DER,-OnTimeBooks-,12/21/2021
794,1629998915,1629998915,The Harbinger Ii,Jonathan Cahn,Christian Books & Bibles,Fiction,USD,13.6,24.99,www.amazon.com,Kindle ,12.92,Audiobook ,0,Paperback ,13.6,4.8,14627,4926,ATVPDKIKX0DER,Marc Massengale,12/21/2021
795,0062498533,0062498533,The Hate U Give,Angie Thomas,Teen & Young Adult,Fiction,USD,9.12,18.99,www.amazon.com,Kindle ,11.99,Audiobook ,0,Paperback ,13.25,4.8,21341,1642,ATVPDKIKX0DER,Amazon Warehouse,12/21/2021
796,0062439596,0062439596,The Hating Game,Sally Thorne,Humor & Entertainment,Humor,USD,12.59,15.99,www.amazon.com,Kindle ,9.99,Audiobook ,0,Mass Market Paperback ,NA,4.5,14801,495,ATVPDKIKX0DER,Amazon,12/21/2021
797,1542020123,1542020123,The Haunting Of Brynn Wilder,Wendy Webb,"Mystery, Thriller & Suspense",Mystery,USD,6.99,14.95,www.amazon.com,Kindle ,0,Audiobook ,0,Audio CD ,14.99,4.3,19032,36906,ATVPDKIKX0DER,SFGoodwill,12/21/2021
798,0425232204,0425232204,The Help,Kathryn Stockett,Literature & Fiction,United States,USD,11.2,17,www.amazon.com,Kindle ,11.99,Audiobook ,0,Hardcover ,12.49,4.8,16459,16438,ATVPDKIKX0DER,-OnTimeBooks-,12/21/2021
799,0778309452,0778309452,The Henna Artist,Alka Joshi,Literature & Fiction,Fiction,USD,13.66,26.99,www.amazon.com,Kindle ,4.99,Audiobook ,0,Paperback ,13.98,4.5,14789,14463,ATVPDKIKX0DER,JW-Wilson,12/21/2021
800,1423146786,1423146786,The Heroes Of Olympus Book Five The Blood Of Olympus,Rick Riordan,Teen & Young Adult,Science Fiction & Fantasy,USD,9.99,NA,www.amazon.com,Kindle ,0,Audiobook ,0,Hardcover ,11.49,4.8,12014,9515,ATVPDKIKX0DER,gatecitybooks,12/21/2021
801,1423142004,1423142004,The Heroes Of Olympus Book Three The Mark Of Athena,Rick Riordan,Children's Books,"Fairy Tales, Folk Tales & Myths",USD,9.99,NA,www.amazon.com,Kindle ,0,Audiobook ,0,Hardcover ,10.39,4.8,11094,13380,ATVPDKIKX0DER,-OnTimeBooks-,12/21/2021
802,059346527X,059346527X,The Hill We Climb,Amanda Gorman,Literature & Fiction,Poetry,USD,9.58,15.99,www.amazon.com,Kindle ,9.99,Audiobook ,0,,NA,4.9,12392,406,ATVPDKIKX0DER,gatecitybooks,12/21/2021
803,0395873460,0007611625,The Hobbit,J.R.R. Tolkien,Teen & Young Adult,Science Fiction & Fantasy,USD,27.23,35,www.amazon.com,Kindle ,2.49,Audiobook ,0,Paperback ,7.63,4.8,28562,66261,ATVPDKIKX0DER,GREENWORLD BOOKS,12/21/2021
804,0547928181,0547928181,The Hobbit And The Lord Of The Rings,J.R.R. Tolkien,Literature & Fiction,Fiction,USD,39.49,65,www.amazon.com,Vinyl Bound ,27.91,Mass Market Paperback ,14.74,Audio CD ,138.54,4.8,20453,7564,ATVPDKIKX0DER,Bargain Maxx,12/21/2021
805,0008387753,0008387753,The Hobbit The Lord Of The Rings Boxed Set,J. R. R. Tolkien,Literature & Fiction,Mythology & Folk Tales,USD,41.12,59.99,www.amazon.com,Vinyl Bound ,27.91,Mass Market Paperback ,14.74,Audio CD ,138.54,4.8,20453,99974,AZOLNCI5GS0EX,Basi6 InternationalBasi6 International,12/21/2021
806,0525572643,0525572643,The Home Edit,Clea Shearer,"Crafts, Hobbies & Home",Home Improvement & Design,USD,10.98,24.99,www.amazon.com,Kindle ,15.99,Audiobook ,0,Spiral-bound ,20.01,4.7,11039,3220,ATVPDKIKX0DER,HarryBat,12/21/2021
807,0593138309,0593138309,The Home Edit Life,Clea Shearer,"Crafts, Hobbies & Home",Home Improvement & Design,USD,14.25,28.5,www.amazon.com,Kindle ,4.99,,NA,,NA,4.8,10984,3131,ATVPDKIKX0DER,the_nps_store,12/21/2021
808,1250217288,1250217288,The House In The Cerulean Sea,TJ Klune,LGBTQ+ Books,Fiction,USD,14.89,27.99,www.amazon.com,Kindle ,12.99,Audiobook ,0,Paperback ,14.68,4.7,16912,4938,ATVPDKIKX0DER,Amazon,12/21/2021
809,1423146727,1423146727,The House Of Hades,Rick Riordan,Children's Books,"Fairy Tales, Folk Tales & Myths",USD,12.2,19.99,www.amazon.com,Kindle ,0,Audiobook ,0,Paperback ,9.99,4.8,12241,20022,ATVPDKIKX0DER,-OnTimeBooks-,12/21/2021
810,0439023521,9780439023528,The Hunger Games,Suzanne Collins,Children's Books,Growing Up & Facts of Life,USD,11.04,12.99,www.amazon.com,Kindle ,0,Audiobook ,0,Hardcover ,20.82,4.7,38586,2297,ATVPDKIKX0DER,AP Books and More,12/21/2021
811,0545670314,0545670314,The Hunger Games Trilogy,Suzanne Collins,Teen & Young Adult,Fiction,USD,25.87,38.97,www.amazon.com,Kindle ,25.99,Hardcover ,58.88,MP3 CD ,24.99,4.8,24376,2604,ATVPDKIKX0DER,Prime Deals ?,12/21/2021
812,0545265355,9780545265355,The Hunger Games Trilogy Boxed Set,Suzanne Collins,Teen & Young Adult,Fiction,USD,58.88,NA,www.amazon.com,Kindle ,25.99,Product Bundle ,25.87,MP3 CD ,24.99,4.8,24376,96888,A2BRE7I00353GD,InfiniteLight BooksInfiniteLight BooksApex_media??,12/21/2021
813,B07MBBXQY5,,The Hunting Party,"Lucy Foley (Author), Gary Furlong (Narrator), Elle Newlands (Narrator), Morag Sims (Narrator), Imogen Church (Narrator), Moira Quirk (Narrator), HarperAudio (Publisher) & 4 more","Mystery, Thriller & Suspense",Thrillers & Suspense,USD,9.99,NA,www.amazon.com,Kindle ,9.99,Hardcover ,14.39,Paperback ,11.1,4.2,13928,495,,Amazon,12/21/2021
814,0451490045,0451490045,The Husband S Secret,Liane Moriarty,Literature & Fiction,Fiction,USD,9.99,NA,www.amazon.com,Kindle ,11.99,Audiobook ,0,Hardcover ,15.99,4.3,37041,8620,ATVPDKIKX0DER,Jenson Books Inc,12/21/2021
815,1338732870,1338732870,The Ickabog,J. K. Rowling,Children's Books,Growing Up & Facts of Life,USD,12.43,26.99,www.amazon.com,Kindle ,17.99,Audiobook ,0,Audio CD ,5.09,4.7,14543,964,ATVPDKIKX0DER,Amazon,12/21/2021
816,1400052173,1400052173,The Immortal Life Of Henrietta Lacks,Rebecca Skloot,Politics & Social Sciences,Social Sciences,USD,14.32,28,www.amazon.com,Kindle ,12.99,Audiobook ,0,Paperback ,12.1,4.7,15236,20133,ATVPDKIKX0DER,Vivé Liber Books LLC,12/21/2021
817,B007UWOXKE,,The Innocent,"David Baldacci (Author), Ron McLarty (Narrator), Orlagh Cassidy (Narrator), Hachette Audio (Publisher) & 1 more",Literature & Fiction,Action & Adventure,USD,9.99,NA,www.amazon.com,Kindle ,9.99,Hardcover ,28.94,Paperback ,16.8,4.6,10921,2597,,Amazon,12/21/2021
818,1623156122,1623156122,The Instant Pot Electric Pressure Cooker Cookbook,Laurel Randolph,"Cookbooks, Food & Wine",Cooking by Ingredient,USD,8.97,14.99,www.amazon.com,Kindle ,0,Spiral-bound ,NA,,NA,4.4,11729,5456,ATVPDKIKX0DER,-OnTimeBooks-,12/21/2021
819,1982110562,1982110562,The Institute,Stephen King,"Mystery, Thriller & Suspense",Thrillers & Suspense,USD,14.96,30,www.amazon.com,Kindle ,9.99,Audiobook ,0,Paperback ,13.93,4.7,28371,4621,ATVPDKIKX0DER,Steel City Sales,12/21/2021
820,0060555661,9780060555665,The Intelligent Investor Rev Ed,Benjamin GrahamJason Zweig,Business & Money,Investing,USD,14.29,24.99,www.amazon.com,Kindle ,15.49,Audiobook ,0,,NA,4.7,28414,265,ATVPDKIKX0DER,Benjamins Bookshelf,12/21/2021
821,0143121707,0143121707,The Invention Of Wings,Sue Monk Kidd,Literature & Fiction,Fiction,USD,12.71,17,www.amazon.com,Kindle ,6.99,Audiobook ,0,Hardcover ,11.5,4.7,17777,14044,ATVPDKIKX0DER,Village Books & Media,12/21/2021
822,0765387565,0765387565,The Invisible Life Of Addie Larue,V. E. Schwab,Literature & Fiction,Action & Adventure,USD,16.19,26.99,www.amazon.com,Kindle ,13.99,Audiobook ,0,Paperback ,25.83,4.5,40949,804,ATVPDKIKX0DER,Rich Media Direct,12/21/2021
823,0875167349,0875167349,The Invisible String,Patrice Karst,Children's Books,Growing Up & Facts of Life,USD,8.99,16.95,www.amazon.com,Kindle ,7.99,Audiobook ,0,Paperback ,8.99,4.8,14226,4339,ATVPDKIKX0DER,Amazon,12/21/2021
824,0310708257,0310708257,The Jesus Storybook Bible,Sally Lloyd-JonesJago,Children's Books,Fiction,USD,10.99,18.99,www.amazon.com,Kindle ,9.99,Audiobook ,0,,NA,4.9,10058,533,ATVPDKIKX0DER,-OnTimeBooks-,12/21/2021
825,0385546025,0385546025,The Judge S List,John Grisham,"Mystery, Thriller & Suspense",Thrillers & Suspense,USD,14.97,29.95,www.amazon.com,Kindle ,14.99,Audiobook ,0,Paperback ,21,4.5,23704,29,ATVPDKIKX0DER,Hope Commerce,12/21/2021
826,1542021472,1542021472,The Keeper Of Happy Endings,Barbara Davis,Literature & Fiction,Fiction,USD,10.99,14.95,www.amazon.com,Kindle ,0,Audiobook ,0,Audio CD ,14.99,4.6,29058,7497,ATVPDKIKX0DER,Amazon,12/21/2021
827,159463193X,9781594631931,The Kite Runner,Khaled Hosseini,Literature & Fiction,Fiction,USD,10.5,17,www.amazon.com,Kindle ,13.99,Audiobook ,0,Hardcover ,105,4.7,20931,2298,ATVPDKIKX0DER,gatecitybooks,12/21/2021
828,0770433367,0770433367,The Knot Ultimate Wedding Planner Organizer Binder Edition,Carley Roney,"Crafts, Hobbies & Home",Weddings,USD,22.3,29.99,www.amazon.com,Ring-bound ,30.99,,NA,,NA,4.7,10236,1501,ATVPDKIKX0DER,Crossroads Marketplace,12/21/2021
829,B087XBR1R8,,The Last Agent,"Robert Dugoni (Author), Edoardo Ballerini (Narrator), Brilliance Audio (Publisher) & 0 more","Mystery, Thriller & Suspense",Thrillers & Suspense,USD,9.99,NA,www.amazon.com,Kindle ,0,Hardcover ,14.47,Paperback ,7.99,4.5,10274,7722,,Amazon,12/21/2021
830,0060890681,9780060890681,The Last Anniversary,Liane Moriarty,Literature & Fiction,Dramas & Plays,USD,7.98,16.99,www.amazon.com,Kindle ,0,Audiobook ,0,Mass Market Paperback ,5.98,4.2,10102,16810,ATVPDKIKX0DER,-OnTimeBooks-,12/21/2021
831,B089MCQBT2,,The Last Correspondent,"Soraya M. Lane (Author), Sarah Zimmerman (Narrator), Brilliance Audio (Publisher) & 0 more",Literature & Fiction,Fiction,USD,9.99,NA,www.amazon.com,Kindle ,0,Paperback ,6.49,Audio CD ,14.99,4.3,14486,39826,,Amazon,12/21/2021
832,1728215722,1728215722,The Last Flight,Julie Clark,"Mystery, Thriller & Suspense",Thrillers & Suspense,USD,20.31,26.99,www.amazon.com,Kindle ,9.48,Audiobook ,0,Paperback ,9.98,4.4,17362,19613,A1XHXJH5C2VYTY,willowbooksellwillowbooksellVivé Liber Books LLC,12/21/2021
833,1503958744,1503958744,The Last Green Valley,Mark Sullivan,Literature & Fiction,Fiction,USD,11.99,15.95,www.amazon.com,Kindle ,0,Audiobook ,0,Hardcover ,16.49,4.6,18900,2735,ATVPDKIKX0DER,2nd Life Books ?,12/21/2021
834,B01ATTRBUI,,The Last Mile,"David Baldacci (Author), Kyf Brewer (Narrator), Orlagh Cassidy (Narrator), Hachette Audio (Publisher) & 1 more",Literature & Fiction,Action & Adventure,USD,9.99,NA,www.amazon.com,Kindle ,9.99,Hardcover ,17.86,Paperback ,7.98,4.6,13213,4227,,Amazon,12/21/2021
835,0062667580,0062667580,The Last Mrs Parrish,Liv Constantine,"Mystery, Thriller & Suspense",Thrillers & Suspense,USD,12.58,16.99,www.amazon.com,Kindle ,9.99,Audiobook ,0,Hardcover ,25.69,4.4,12379,14060,ATVPDKIKX0DER,Vivé Liber Books LLC,12/21/2021
836,1423101472,1423101472,The Last Olympian,Rick Riordan,Children's Books,"Fairy Tales, Folk Tales & Myths",USD,9.15,17.99,www.amazon.com,Kindle ,0,Audiobook ,0,Paperback ,6.05,4.8,10627,50038,ATVPDKIKX0DER,AP Books and More,12/21/2021
837,1501171348,1501171348,The Last Thing He Told Me,Laura Dave,Literature & Fiction,Fiction,USD,14,27,www.amazon.com,Kindle ,13.99,Audiobook ,0,Paperback ,30.95,4.3,56878,34,ATVPDKIKX0DER,sagir13,12/21/2021
838,0316438960,0316438960,The Last Wish,Andrzej Sapkowski,Literature & Fiction,Short Stories & Anthologies,USD,11.22,16.99,www.amazon.com,Kindle ,7.99,Audiobook ,0,Hardcover ,34.99,4.7,21862,320,ATVPDKIKX0DER,Amazon,12/21/2021
839,1538752530,1538752530,The Law Of Innocence,Michael Connelly,"Mystery, Thriller & Suspense",Thrillers & Suspense,USD,8.99,9.99,www.amazon.com,Kindle ,9.99,Audiobook ,0,Hardcover ,14.19,4.5,34833,51592,ATVPDKIKX0DER,VMG Books & Media,12/21/2021
840,1472229959,9781472229953,The Letter,Kathryn Hughes,Literature & Fiction,Fiction,USD,12.49,13.99,www.amazon.com,Kindle ,2.99,Audiobook ,0,,NA,4.5,13042,189879,ATVPDKIKX0DER,Leonard Simmons,12/21/2021
841,B01LXTO8WH,,The Life Changing Magic Of Tidying,"Marie Kondo (Author), Lucy Scott (Narrator), Random House AudioBooks (Publisher) & 0 more","Crafts, Hobbies & Home",Home Improvement & Design,USD,9.99,NA,www.amazon.com,Kindle ,9.99,Audiobook ,0,Hardcover ,8.58,4.5,26780,17519,,Amazon,12/21/2021
842,1607747308,1607747308,The Life Changing Magic Of Tidying Up,by Marie Kond? (Author),"Crafts, Hobbies & Home",Home Improvement & Design,USD,8.58,16.99,www.amazon.com,Kindle ,9.99,Audiobook ,0,Paperback ,15.55,4.5,26780,1308,ATVPDKIKX0DER,-OnTimeBooks-,12/21/2021
843,0786838655,9780786838653,The Lightning Thief,Rick Riordan,Children's Books,"Fairy Tales, Folk Tales & Myths",USD,5.97,7.99,www.amazon.com,Kindle ,0,Audiobook ,0,Hardcover ,11.89,4.7,20296,1585,ATVPDKIKX0DER,ZBK Books,12/21/2021
844,0593452097,0593452097,The Lincoln Highway,Amor Towles,Literature & Fiction,Fiction,USD,39.95,50,www.amazon.com,Kindle ,14.99,Audiobook ,0,Hardcover ,18,4.5,14056,43468,ATVPDKIKX0DER,Green Orbit,12/21/2021
845,030797586X,030797586X,The Little Blue Box Of Bright And Early Board Books By Dr Seuss,Dr. Seuss,Children's Books,Fiction,USD,11.98,19.96,www.amazon.com,,NA,,NA,,NA,4.8,11204,313,ATVPDKIKX0DER,Ivy_League_Books,12/21/2021
846,1455520632,9781455520633,The Longest Ride,Nicholas Sparks,Literature & Fiction,Fiction,USD,8,8.99,www.amazon.com,Kindle ,8.99,Audiobook ,0,Hardcover ,21.14,4.7,12485,32878,ATVPDKIKX0DER,-OnTimeBooks-,12/21/2021
847,0358653037,0358653037,The Lord Of The Rings Illustrated Edition,J.R.R. Tolkien,Science Fiction & Fantasy,Fantasy,USD,56.49,75,www.amazon.com,Kindle ,0,Audiobook,NA,Paperback ,32.9,4.8,17171,1721,ATVPDKIKX0DER,Boomerang Books UVU BYU,12/21/2021
848,0778311015,0778311015,The Lost Apothecary,Sarah Penner,Literature & Fiction,Fiction,USD,13.99,27.99,www.amazon.com,Kindle ,12.99,Audiobook ,0,Paperback ,14.39,4.3,18405,1032,ATVPDKIKX0DER,SKLibrary,12/21/2021
849,0307950689,0307950689,The Lost Symbol,Dan Brown,Literature & Fiction,Action & Adventure,USD,10.99,16.95,www.amazon.com,Kindle ,9.99,Audiobook ,0,Hardcover ,10.25,4.3,12828,15552,ATVPDKIKX0DER,-OnTimeBooks-,12/21/2021
850,1250145260,1250145260,The Madness Of Crowds,Louise Penny,"Mystery, Thriller & Suspense",Mystery,USD,14.49,28.99,www.amazon.com,Kindle ,14.99,Audiobook ,0,Paperback ,17.99,4.5,17851,1836,ATVPDKIKX0DER,Amazon,12/21/2021
851,1250304458,1250304458,The Maidens,Alex Michaelides,"Mystery, Thriller & Suspense",Thrillers & Suspense,USD,16.78,27.99,www.amazon.com,Kindle ,14.99,Audiobook ,0,Paperback ,17.99,4,10242,1723,ATVPDKIKX0DER,gatecitybooks,12/21/2021
852,0374201234,0374201234,The Mamba Mentality,Kobe Bryant,Sports & Outdoors,Biographies,USD,13.87,35,www.amazon.com,Kindle ,0,,NA,,NA,4.9,20034,130,ATVPDKIKX0DER,Amazon,12/21/2021
853,1423140605,9781423140603,The Mark Of Athena,Rick Riordan,Children's Books,"Fairy Tales, Folk Tales & Myths",USD,10.39,19.99,www.amazon.com,Kindle ,0,Audiobook ,0,Paperback ,9.99,4.8,11094,30400,ATVPDKIKX0DER,ZBK Books,12/21/2021
854,0553418025,0553418025,The Martian,Andy Weir,Literature & Fiction,Action & Adventure,USD,10.41,17,www.amazon.com,Kindle ,8.99,Audiobook ,0,Hardcover ,14.79,4.7,46388,1844,ATVPDKIKX0DER,GreatBookDealz,12/21/2021
855,1936096862,1936096862,The Master Guide To Drawing Anime,Christopher Hart,Teen & Young Adult,"Art, Music & Photography",USD,11.93,21.99,www.amazon.com,Kindle ,8.69,,NA,,NA,4.7,10357,474,ATVPDKIKX0DER,Amazon Warehouse,12/21/2021
856,0385737947,0385737947,The Maze Runner,James Dashner,Teen & Young Adult,Fiction,USD,12.61,18.99,www.amazon.com,Kindle ,8.99,Audiobook ,0,Paperback ,4.99,4.5,14172,60293,ATVPDKIKX0DER,California Book Bag,12/21/2021
857,1250816424,1250816424,The Meaning Of Mariah Carey,Mariah Carey,Arts & Photography,Music,USD,16.99,19.99,www.amazon.com,Kindle ,12.99,Audiobook ,0,Hardcover ,13.71,4.8,11901,31219,ATVPDKIKX0DER,Savvy for four,12/21/2021
858,1419741993,1419741993,The Meltdown,Jeff Kinney,Children's Books,"Science, Nature & How It Works",USD,8.98,14.99,www.amazon.com,Kindle & comiXology ,1.99,Audiobook ,0,Paperback ,12.95,4.8,15855,740,ATVPDKIKX0DER,Seattlegoodwill,12/21/2021
859,0525559477,0525559477,The Midnight Library,Matt Haig,Science Fiction & Fantasy,Science Fiction,USD,13.29,26,www.amazon.com,Kindle ,10.99,Audiobook ,0,Paperback ,25.93,4.3,122000,39,ATVPDKIKX0DER,kichoyproductions,12/21/2021
860,B06ZYD46L2,,The Midnight Line,"Lee Child (Author), Dick Hill (Narrator), Random House Audio (Publisher) & 0 more",Literature & Fiction,Action & Adventure,USD,9.99,NA,www.amazon.com,Kindle ,8.99,Hardcover ,12.89,Paperback ,13.37,4.5,14616,3895,,Amazon,12/21/2021
861,0805096604,0805096604,The Mirror The Light,Hilary Mantel,Literature & Fiction,Fiction,USD,13.39,30,www.amazon.com,Kindle ,11.99,Audiobook ,0,Paperback ,11.69,4.5,10740,34725,ATVPDKIKX0DER,-OnTimeBooks-,12/21/2021
862,1952457238,1952457238,The Missing Sister,Lucinda Riley,Romance,Historical,USD,4.44,35.99,www.amazon.com,Kindle ,4.64,Audiobook ,0,Paperback ,19.99,4.5,11718,44864,ATVPDKIKX0DER,Amazon,12/21/2021
863,B0929XZZBF,,The Mixtape,"Brittainy Cherry (Author), Jordan Cobb (Narrator), James Shippy (Narrator), Brilliance Audio (Publisher) & 1 more",Literature & Fiction,Women's Fiction,USD,9.99,NA,www.amazon.com,Kindle ,0,Paperback ,7.99,Audio CD ,10.67,4.5,10330,14961,,Amazon,12/21/2021
864,1454938684,1454938684,The Modern Witch Tarot Deck,Lisa Sterle,Religion & Spirituality,New Age & Spirituality,USD,19.81,24.95,www.amazon.com,,NA,,NA,,NA,4.9,16033,417,ATVPDKIKX0DER,Amazon,12/21/2021
865,0307010856,0307010856,The Monster At The End Of This Book,Jon Stone,Children's Books,"Activities, Crafts & Games",USD,2.98,4.99,www.amazon.com,Kindle ,2.83,Paperback ,8.95,Board book ,4.74,4.9,23181,849,ATVPDKIKX0DER,Amazon,12/21/2021
866,098641641X,098641641X,The Moonlight Child,Karen McQuestion,"Mystery, Thriller & Suspense",Thrillers & Suspense,USD,11.69,12.99,www.amazon.com,Kindle ,0,Audiobook ,0,Hardcover ,18.99,4.4,16547,4296,ATVPDKIKX0DER,Amazon,12/21/2021
867,B07KRGPDHN,,The Mother In Law,"Sally Hepworth (Author), Barrie Kreinik (Narrator), Macmillan Audio (Publisher) & 0 more",Literature & Fiction,Fiction,USD,9.99,NA,www.amazon.com,Kindle ,0,Hardcover ,13.99,Paperback ,14.4,4.3,12478,2579,,Amazon,12/21/2021
868,0756404746,0756404746,The Name Of The Wind,Patrick Rothfuss,Science Fiction & Fantasy,Fantasy,USD,9.89,10.99,www.amazon.com,Kindle ,7.99,Audiobook ,0,Hardcover ,27.11,4.7,21138,2159,ATVPDKIKX0DER,Bay State Book Company,12/21/2021
869,B074VG8P61,,The Naturalist,"Andrew Mayne (Author), Will Damron (Narrator), Brilliance Audio (Publisher) & 0 more","Mystery, Thriller & Suspense",Mystery,USD,9.99,NA,www.amazon.com,Kindle ,0,Paperback ,9.59,MP3 CD ,12.24,4.3,10404,11362,,Amazon,12/21/2021
870,1595586431,1595586431,The New Jim Crow,Michelle Alexander,Politics & Social Sciences,Politics & Government,USD,17.17,19.95,www.amazon.com,Kindle ,9.99,Audiobook ,0,Hardcover ,18.69,4.8,13147,50291,ATVPDKIKX0DER,Mostly Tomatos,12/21/2021
871,154202594X,154202594X,The Next Wife,Kaira Rouda,"Mystery, Thriller & Suspense",Thrillers & Suspense,USD,7.49,15.95,www.amazon.com,Kindle ,0,Audiobook ,0,Library Binding ,34.99,4,27072,15319,ATVPDKIKX0DER,Goodwill of Orange County,12/21/2021
872,0345804341,0345804341,The Nickel Boys,Colson Whitehead,Literature & Fiction,Fiction,USD,10.88,15.95,www.amazon.com,Kindle ,11.99,Audiobook ,0,Hardcover ,13.59,4.6,17134,3857,ATVPDKIKX0DER,Rich Media Direct,12/21/2021
873,0307744434,9780307744432,The Night Circus,Erin Morgenstern,Literature & Fiction,Fiction,USD,12,17,www.amazon.com,Kindle ,10.99,Audiobook ,0,Hardcover ,16.44,4.5,16877,3164,ATVPDKIKX0DER,illventure,12/21/2021
874,0316485616,0316485616,The Night Fire,Michael Connelly,"Mystery, Thriller & Suspense",Thrillers & Suspense,USD,22,29,www.amazon.com,Kindle ,9.99,Audiobook ,0,Paperback ,11.47,4.6,14978,32399,A2JXRAJD1WS3P9,21 Six Comics and Collectibles21 Six Comics and CollectiblesJenson Books Inc,12/21/2021
875,0312577222,0312577222,The Nightingale,Kristin Hannah,Literature & Fiction,Fiction,USD,11.15,28.99,www.amazon.com,Kindle ,11.99,Audiobook ,0,Paperback ,8.28,4.8,80180,2452,ATVPDKIKX0DER,-OnTimeBooks-,12/21/2021
876,B01MRKEO0U,,The Obesity Code,"Dr. Jason Fung (Author), Brian Nishii (Narrator), Audible Studios (Publisher) & 0 more",Medical Books,Medicine,USD,9.99,NA,www.amazon.com,Kindle ,9.99,Paperback ,15.79,Spiral-bound ,30.95,4.6,21093,379,,Amazon,12/21/2021
877,1771641258,1771641258,The Obesity Code Unlocking The Secrets Of Weight Loss,Dr. Jason Fung,Medical Books,Medicine,USD,15.79,18.95,www.amazon.com,Kindle ,9.99,Audiobook ,0,Spiral-bound ,30.95,4.6,21093,1619,ATVPDKIKX0DER,TEXAS B00KW0RM,12/21/2021
878,B01DDXXPNE,,The Obsession,"Nora Roberts (Author), Shannon McManus (Narrator), Brilliance Audio (Publisher) & 0 more",Literature & Fiction,Women's Fiction,USD,9.99,NA,www.amazon.com,Kindle ,7.99,Hardcover ,15.99,Paperback ,10.99,4.7,11031,5096,,Amazon,12/21/2021
879,0316428388,0316428388,The Office,Robb PearlmanMelanie Demmer,Children's Books,Growing Up & Facts of Life,USD,11.51,17.99,www.amazon.com,Kindle ,9.99,,NA,,NA,4.9,12835,1521,ATVPDKIKX0DER,glenthebookseller,12/21/2021
880,1457312190,1457312190,The Official Sat Study Guide 2020 Edition,The College Board,Teen & Young Adult,Education & Reference,USD,9.99,29.99,www.amazon.com,,NA,,NA,,NA,4.6,11941,1774,ATVPDKIKX0DER,Cedar County Books,12/21/2021
881,1781396817,1781396817,The Old Man And The Sea,Ernest Hemingway,Literature & Fiction,Action & Adventure,USD,11.66,NA,www.amazon.com,Kindle ,10.99,Audiobook ,0,Paperback ,11.39,4.6,14695,28807,ATVPDKIKX0DER,HPB-Diamond,12/21/2021
882,0684801221,0684801221,The Old Man And The Sea Book Cover May Vary,Ernest Hemingway,Literature & Fiction,Fiction,USD,11.39,12.99,www.amazon.com,Kindle ,10.99,Audiobook ,0,Hardcover ,11.66,4.6,14695,4133,ATVPDKIKX0DER,Vivé Liber Books LLC,12/21/2021
883,B09N1L9QK6,,The Old Man Of The Sea,by Michael (Author) Format: Kindle Edition,Literature & Fiction,Fiction,USD,9.99,NA,www.amazon.com,Audiobook Audiobook ,0,Hardcover ,11.66,Paperback ,11.39,4.6,14695,118466,,Amazon,12/21/2021
884,B078FG5BS8,,The One,"John Marrs (Author), Clare Corbett (Narrator), Vicki Hall (Narrator), Simon Bubb (Narrator), Jot Davies (Narrator), Sophie Aldred (Narrator), Harlequin Audio (Publisher) & 4 more",LGBTQ+ Books,Fiction,USD,9.99,NA,www.amazon.com,Kindle ,0,Hardcover ,NA,Paperback ,NA,4.3,10177,3407,,Amazon,12/21/2021
885,0061992275,0061992275,The One And Only Ivan,"by Katherine Applegate (Author), Patricia Castelao (Illustrator)",Children's Books,"Arts, Music & Photography",USD,6.96,8.99,www.amazon.com,Kindle ,8.49,Audiobook ,0,Hardcover ,11.99,4.8,17657,1196,ATVPDKIKX0DER,ZBK Books,12/21/2021
886,1885167776,9781885167774,The One Thing,Gary KellerJay Papasan,Business & Money,Job Hunting & Careers,USD,17.06,24.95,www.amazon.com,Kindle ,12.35,Audiobook ,0,Paperback ,13,4.7,10391,3602,ATVPDKIKX0DER,gatecitybooks,12/21/2021
887,B07Z5GKM8F,,The Order,"Daniel Silva (Author), George Guidall (Narrator), HarperAudio (Publisher) & 0 more",Literature & Fiction,Action & Adventure,USD,9.99,NA,www.amazon.com,Kindle ,9.99,Hardcover ,14.86,Paperback ,13.99,4.4,17395,6198,,Amazon,12/21/2021
888,154201994X,154201994X,The Other Emily,Dean Koontz,"Mystery, Thriller & Suspense",Thrillers & Suspense,USD,12.99,16.99,www.amazon.com,Kindle ,0,Audiobook ,0,Hardcover ,15.99,4.2,11614,3470,ATVPDKIKX0DER,Amazon,12/21/2021
889,1501181009,1501181009,The Outsider,Stephen King,"Mystery, Thriller & Suspense",Thrillers & Suspense,USD,11.39,18.99,www.amazon.com,Kindle ,9.99,Audiobook ,0,Hardcover ,15.84,4.6,21578,7615,ATVPDKIKX0DER,Media Relay LLC,12/21/2021
890,014240733X,014240733X,The Outsiders,S. E. Hinton,Teen & Young Adult,Fiction,USD,5.89,10.99,www.amazon.com,Kindle ,9.99,Audiobook ,0,Hardcover ,13.28,4.8,25054,635,ATVPDKIKX0DER,Jenson Books Inc.,12/21/2021
891,0670062510,0670062510,The Outsiders 40th Anniversary Edition,S. E. Hinton,Teen & Young Adult,Fiction,USD,13.28,17.99,www.amazon.com,Kindle ,9.99,Audiobook ,0,Paperback ,5.89,4.8,25054,14005,ATVPDKIKX0DER,The BAP Goods,12/21/2021
892,0425288293,0425288293,The Outsiders 50th Anniversary Edition,S. E. Hinton,Teen & Young Adult,Fiction,USD,15.29,20,www.amazon.com,Kindle ,9.99,Audiobook ,0,Paperback ,5.89,4.8,25054,31016,ATVPDKIKX0DER,Stellar Book Company,12/21/2021
893,039363552X,039363552X,The Overstory,Richard Powers,Literature & Fiction,Fiction,USD,15.89,27.95,www.amazon.com,Kindle ,10.49,Audiobook ,0,Paperback ,15.6,4.4,13662,18622,ATVPDKIKX0DER,Goodwill of Orange County,12/21/2021
894,0593329821,0593329821,The Paper Palace,Miranda Cowley Heller,Literature & Fiction,Fiction,USD,15.99,27,www.amazon.com,Kindle ,13.99,Audiobook ,0,Paperback ,25.17,4.2,14974,679,ATVPDKIKX0DER,UniqueStorez,12/21/2021
895,B07F6C3YYL,,The Perfect Child,Lucinda Berry,"Mystery, Thriller & Suspense",Thrillers & Suspense,USD,9.99,NA,www.amazon.com,Audiobook Audiobook ,0,Hardcover ,17.99,Paperback ,11.99,4.3,11196,1657,,Amazon,12/21/2021
896,1913419657,1913419657,The Perfect Marriage,Jeneva Rose,"Mystery, Thriller & Suspense",Thrillers & Suspense,USD,9.74,11.99,www.amazon.com,Kindle ,0,Audiobook ,0,Audio CD ,43.67,4.5,11504,4603,ATVPDKIKX0DER,Goodwill Charlotte Books,12/21/2021
897,0671027344,0671027344,The Perks Of Being A Wallflower,Stephen Chbosky,Politics & Social Sciences,Politics & Government,USD,8.22,15.99,www.amazon.com,Kindle ,11.99,Audiobook ,0,Hardcover ,17.39,4.7,19215,37566,ATVPDKIKX0DER,PRIME-BOOKS,12/21/2021
898,0141439572,0141439572,The Picture Of Dorian Gray,Oscar Wilde,LGBTQ+ Books,Fiction,USD,8.69,NA,www.amazon.com,Kindle ,0.99,Audiobook ,0,Hardcover ,9.87,4.5,10147,51018,ATVPDKIKX0DER,Jenson Books Inc,12/21/2021
899,B06XP1P4YC,,The Picture Of Dorian Gray Classic Tales Edition,"Oscar Wilde (Author), B.J. Harrison (Narrator, Publisher)",LGBTQ+ Books,Fiction,USD,9.99,NA,www.amazon.com,Kindle ,0,Hardcover ,NA,Paperback ,3.88,4.5,10147,90014,,Amazon,12/21/2021
900,045122213X,045122213X,The Pillars Of The Earth,Ken Follett,Literature & Fiction,Fiction,USD,15.2,22,www.amazon.com,Kindle ,9.99,Audiobook ,0,Hardcover ,22.49,4.6,19327,33647,ATVPDKIKX0DER,Frostwood Village,12/21/2021
901,006242713X,006242713X,The Plant Paradox,by Dr. Steven R Gundry MD (Author),"Health, Fitness & Dieting",Diets & Weight Loss,USD,13.9,29.99,www.amazon.com,Kindle ,14.99,Audiobook ,0,Paperback ,26.55,4.4,12492,2826,ATVPDKIKX0DER,Joe's Online Emporium,12/21/2021
902,125079076X,125079076X,The Plot,Jean Hanff Korelitz,"Mystery, Thriller & Suspense",Thrillers & Suspense,USD,15.99,28,www.amazon.com,Kindle ,14.99,Audiobook ,0,Paperback ,17.99,4.2,10356,674,ATVPDKIKX0DER,Amazon,12/21/2021
903,0374360960,0374360960,The Pout Pout Fish,Deborah DiesenDan Hanna,Children's Books,Growing Up & Facts of Life,USD,14.39,17.99,www.amazon.com,Kindle ,0,Audiobook ,0,Paperback ,14.99,4.9,20615,7042,ATVPDKIKX0DER,Jenson Books Inc,12/21/2021
904,081298160X,081298160X,The Power Of Habit,Charles Duhigg,"Health, Fitness & Dieting",Psychology & Counseling,USD,10.95,18,www.amazon.com,Kindle ,9.99,Audiobook ,0,Hardcover ,15.49,4.6,18143,1530,ATVPDKIKX0DER,Happy Night Owl Books,12/21/2021
905,1577311523,1577311523,The Power Of Now,Eckhart Tolle,Self-Help,Motivational,USD,16.92,26.95,www.amazon.com,Kindle ,7.13,Audiobook ,0,Paperback ,7.51,4.7,33886,6690,ATVPDKIKX0DER,Vivé Liber Books LLC,12/21/2021
906,1603868127,1603868127,The Power Of Your Subconscious Mind,Joseph Murphy,Christian Books & Bibles,Christian Living,USD,4.49,4.99,www.amazon.com,Kindle ,1.99,Audiobook ,0,Hardcover ,9.99,4.6,37284,26018,ATVPDKIKX0DER,Amazon,12/21/2021
907,0393881555,0393881555,The Premonition,Michael Lewis,Medical Books,Medicine,USD,13.75,30,www.amazon.com,Kindle ,9.18,Audiobook ,0,Audio CD ,27.69,4.7,12426,1010,ATVPDKIKX0DER,Amazon,12/21/2021
908,0316412694,0316412694,The President Is Missing,James PattersonBill Clinton,Literature & Fiction,Action & Adventure,USD,15.4,30,www.amazon.com,Kindle ,9.99,Audiobook ,0,Paperback ,10.41,4.4,18859,26734,ATVPDKIKX0DER,Benjamins Bookshelf,12/21/2021
909,0316540714,0316540714,The President S Daughter,James PattersonBill Clinton,Literature & Fiction,Action & Adventure,USD,15,30,www.amazon.com,Kindle ,14.99,Audiobook ,0,Paperback ,26.99,4.6,19611,1210,ATVPDKIKX0DER,EB-BOOKS LLC,12/21/2021
910,0857197681,0857197681,The Psychology Of Money,Morgan Housel,Business & Money,Investing,USD,16.89,18.99,www.amazon.com,Kindle ,10.99,Audiobook ,0,Hardcover ,15.83,4.7,11867,482,ATVPDKIKX0DER,Amazon,12/21/2021
911,0857199099,0857199099,The Psychology Of Money Hardback,Morgan Housel,Business & Money,Economics,USD,15.83,27,www.amazon.com,Kindle ,10.99,Audiobook ,0,Paperback ,16.89,4.7,11867,690,ATVPDKIKX0DER,Amazon,12/21/2021
912,031033750X,031033750X,The Purpose Driven Life,Rick Warren,Christian Books & Bibles,Christian Living,USD,17.99,19.99,www.amazon.com,Kindle ,9.99,Audiobook ,0,Hardcover ,7.46,4.8,10803,1984,ATVPDKIKX0DER,-OnTimeBooks-,12/21/2021
913,1984881663,1984881663,The Push,Ashley Audrain,Literature & Fiction,Fiction,USD,19.69,26,www.amazon.com,Kindle ,11.99,Audiobook ,0,Paperback ,23.99,4.3,18598,2846,ATVPDKIKX0DER,BrainyStill,12/21/2021
914,0316310379,0316310379,The Queen Of Nothing,Holly Black,Teen & Young Adult,Fiction,USD,10.99,12.99,www.amazon.com,Kindle ,10.99,Audiobook ,0,Hardcover ,12.5,4.7,12296,3961,ATVPDKIKX0DER,bookoutlet1,12/21/2021
915,1400030609,1400030609,The Queen S Gambit,Walter Tevis,Literature & Fiction,Fiction,USD,9.87,16.95,www.amazon.com,Kindle ,0,Audiobook ,0,Hardcover ,850,4.7,16251,5639,ATVPDKIKX0DER,Lanning Haas Books,12/21/2021
916,0345530578,034553057,The Racketeer,John Grisham,"Mystery, Thriller & Suspense",Thrillers & Suspense,USD,7.48,9.99,www.amazon.com,Kindle ,8.99,Audiobook ,0,Hardcover ,16.98,4.4,19766,,ATVPDKIKX0DER,Rich Media Direct,12/21/2021
917,1558580093,1558580093,The Rainbow Fish,Marcus PfisterJ Alison James,Children's Books,Growing Up & Facts of Life,USD,13.99,18.95,www.amazon.com,Paperback ,NA,Board book ,5.94,,NA,4.8,12685,793,ATVPDKIKX0DER,2nd Life Aloha,12/21/2021
918,1984819585,1984819585,The Reckoning,John Grisham,"Mystery, Thriller & Suspense",Thrillers & Suspense,USD,10.16,17,www.amazon.com,Kindle ,9.99,Audiobook ,0,Hardcover ,11.09,4.2,17530,19049,ATVPDKIKX0DER,-OnTimeBooks-,12/21/2021
919,B08V75GSDQ,,The Red Book,"James Patterson (Author), David Ellis (Author), Edoardo Ballerini (Narrator), Little, Brown & Company (Publisher) & 1 more","Mystery, Thriller & Suspense",Mystery,USD,9.99,NA,www.amazon.com,Kindle ,14.99,Hardcover ,14,Paperback ,16.99,4.6,10227,2482,,Amazon,12/21/2021
920,0991243560,0991243560,The Restaurant,Pamela M. Kelley,Literature & Fiction,Fiction,USD,10.78,12.99,www.amazon.com,Kindle ,4.99,Audiobook ,0,Audio CD ,NA,4.1,14791,7931,ATVPDKIKX0DER,Jenson Books Inc,12/21/2021
921,1538728575,1538728575,The Return,Nicholas Sparks,Literature & Fiction,Fiction,USD,10.36,28,www.amazon.com,Kindle ,11.99,Audiobook ,0,Paperback ,12.48,4.6,32995,5256,ATVPDKIKX0DER,Amazon Warehouse,12/21/2021
922,054792819X,054792819X,The Return Of The King,J.R.R. Tolkien,Literature & Fiction,United States,USD,12.14,16.99,www.amazon.com,Kindle ,0,Audiobook ,0,Hardcover ,24.99,4.8,17171,12546,ATVPDKIKX0DER,2nd Life Aloha,12/21/2021
923,0451205367,0451205367,The Richest Man In Babylon,George S. Clason,Business & Money,Business Culture,USD,8.99,9.99,www.amazon.com,Kindle ,1.99,Audiobook ,0,Hardcover ,12.95,4.7,21870,36935,ATVPDKIKX0DER,Jenson Books Inc,12/21/2021
924,0399592091,0399592091,The Ride Of A Lifetime,Robert Iger,Humor & Entertainment,Movies,USD,17.79,28,www.amazon.com,Kindle ,14.99,Audiobook ,0,Paperback ,16.8,4.8,11741,1757,ATVPDKIKX0DER,KF Sales Co,12/21/2021
925,091386613X,091386613X,The Rider Tarot Deck,Arthur Edward Waite,Religion & Spirituality,New Age & Spirituality,USD,19.76,21.95,www.amazon.com,Hardcover ,24.99,Paperback ,33.85,,NA,4.8,18739,3144,ATVPDKIKX0DER,Amazon,12/21/2021
926,0307387895,9780307387899,The Road,Cormac McCarthy,Literature & Fiction,Contemporary,USD,12.08,16.95,www.amazon.com,Kindle ,13.99,Audiobook ,0,Hardcover ,17.76,4.4,10644,3251,ATVPDKIKX0DER,VMG Books & Media,12/21/2021
927,1982148039,1982148039,The Room Where It Happened,by John Bolton (Author),Politics & Social Sciences,Politics & Government,USD,12.99,32.5,www.amazon.com,Kindle ,NA,Audiobook ,0,Paperback ,28.99,4.3,48992,10882,ATVPDKIKX0DER,"1UP Video Games, Books & DVDs",12/21/2021
928,1101967706,1101967706,The Rooster Bar,John Grisham,"Mystery, Thriller & Suspense",Thrillers & Suspense,USD,7.35,9.99,www.amazon.com,Kindle ,9.99,Audiobook ,0,Hardcover ,12.75,4.2,13195,24044,ATVPDKIKX0DER,-OnTimeBooks-,12/21/2021
929,0062943472,0062943472,The Rose Code,Kate Quinn,Literature & Fiction,Fiction,USD,13.49,17.99,www.amazon.com,Kindle ,11.99,Audiobook ,0,Hardcover ,23.99,4.7,17211,887,ATVPDKIKX0DER,Amazon,12/21/2021
930,1476729093,1476729093,The Rosie Project,Graeme Simsion,Literature & Fiction,World Literature,USD,10.66,17.99,www.amazon.com,Kindle ,0,Audiobook ,0,Hardcover ,25.51,4.5,20649,8658,ATVPDKIKX0DER,-OnTimeBooks-,12/21/2021
931,0143134116,0143134116,The Salt Path,Raynor Winn,Reference,"Writing, Research & Publishing Guides",USD,14.9,17,www.amazon.com,Kindle ,13.99,Audiobook ,0,Hardcover ,47.03,4.4,11306,23585,ATVPDKIKX0DER,B&D ENTERPRISES LLC,12/21/2021
932,0593296672,0593296672,The Sanatorium,Sarah Pearse,"Mystery, Thriller & Suspense",Thrillers & Suspense,USD,14.83,27,www.amazon.com,Kindle ,13.99,Audiobook ,0,Paperback ,11.87,3.9,13845,3202,ATVPDKIKX0DER,Media Trading Inc,12/21/2021
933,0762459816,0762459816,The Screaming Goat,,Humor & Entertainment,Humor,USD,7.7,9.95,www.amazon.com,,NA,,NA,,NA,4.7,22185,5,ATVPDKIKX0DER,Amazon,12/21/2021
934,0786856866,0545271908,The Sea Of Monsters,Rick Riordan,Children's Books,"Fairy Tales, Folk Tales & Myths",USD,11.99,17.99,www.amazon.com,Kindle ,0,Audiobook ,0,Paperback ,5.98,4.8,10827,17031,ATVPDKIKX0DER,California Book Bag,12/21/2021
935,073522465X,073522465X,The Searcher,Tana French,"Mystery, Thriller & Suspense",Mystery,USD,12.79,27,www.amazon.com,Kindle ,12.99,Audiobook ,0,Paperback ,17.27,4.3,22178,5734,ATVPDKIKX0DER,SillyHarpy Books,12/21/2021
936,1582701709,1582701709,The Secret,Rhonda Byrne,Religion & Spirituality,New Age & Spirituality,USD,11.62,23.95,www.amazon.com,Kindle ,12.99,Audiobook ,0,Paperback ,17.9,4.6,28483,819,ATVPDKIKX0DER,GreatBookDealz,12/21/2021
937,0062981951,0062981951,The Secret Garden,Frances Hodgson Burnett,Children's Books,Fiction,USD,15.49,18.99,www.amazon.com,Kindle ,0,Audiobook ,0,Paperback ,6.99,4.7,10041,44643,ATVPDKIKX0DER,glenthebookseller,12/21/2021
938,0956932304,0956932304,The Secret Lake,Karen Inglis,Children's Books,Growing Up & Facts of Life,USD,7.99,NA,www.amazon.com,Kindle ,0,Audiobook ,0,,NA,4.7,11923,337,ATVPDKIKX0DER,Blessed Book,12/21/2021
939,B089GSG9K5,,The Secret Stealers,Jane Healey,Literature & Fiction,Fiction,USD,9.99,NA,www.amazon.com,Audiobook Audiobook ,0,Paperback ,6.99,Audio CD ,4.42,4.5,15678,1911,,Amazon,12/21/2021
940,178681630X,178681630X,The Secrets We Keep,Kate Hewitt,Literature & Fiction,Fiction,USD,9.89,10.99,www.amazon.com,Kindle ,3.99,Audiobook ,0,,NA,4.2,10919,7050,ATVPDKIKX0DER,Luxifi,12/21/2021
941,0062059947,0062059947,The Selection,Kiera Cass,Teen & Young Adult,Science Fiction & Fantasy,USD,6.48,12.99,www.amazon.com,Kindle ,0,Audiobook ,0,Hardcover ,15.59,4.6,11072,5091,ATVPDKIKX0DER,Valleys Books & More,12/21/2021
942,1984818465,1984818465,The Sentinel,Lee ChildAndrew Child,Literature & Fiction,Action & Adventure,USD,13,28.99,www.amazon.com,Kindle ,9.99,Audiobook ,0,Paperback ,10.87,4.3,47883,15606,ATVPDKIKX0DER,Big Book Guy,12/21/2021
943,1501139231,1501139231,The Seven Husbands Of Evelyn Hugo,Taylor Jenkins Reid,Literature & Fiction,Fiction,USD,22.49,28,www.amazon.com,Kindle ,13.99,Audiobook ,0,Paperback ,9.42,4.6,39573,2395,ATVPDKIKX0DER,The_Book_Brothers,12/21/2021
944,0964729237,0964729237,The Shack,William P. Young,Christian Books & Bibles,Fiction,USD,8.25,15.99,www.amazon.com,Kindle ,9.99,Audiobook ,0,Hardcover ,25.13,4.7,22171,1325,ATVPDKIKX0DER,LOT 27,12/21/2021
945,125019623X,125019623X,The Shadow And Bone Trilogy Boxed Set,Leigh Bardugo,Teen & Young Adult,Science Fiction & Fantasy,USD,19.78,32.97,www.amazon.com,Kindle ,18.82,,NA,,NA,4.7,10449,565,ATVPDKIKX0DER,Amazon,12/21/2021
946,B08D3Z2D69,,The Shadow Box,"Luanne Rice (Author), Nicol Zanzarella (Narrator), Jim Frangione (Narrator), Brilliance Audio (Publisher) & 1 more","Mystery, Thriller & Suspense",Mystery,USD,9.99,NA,www.amazon.com,Kindle ,0,Hardcover ,12.79,Paperback ,10.93,4.4,47338,2386,,Amazon,12/21/2021
947,0345806786,0345806786,The Shining,Stephen King,Literature & Fiction,Fiction,USD,10.73,18,www.amazon.com,Kindle ,8.99,Audiobook ,0,Hardcover ,36.49,4.8,19461,1688,ATVPDKIKX0DER,Amazon,12/21/2021
948,B00YTXTIDO,,The Short Drop,Matthew FitzSimmons,"Mystery, Thriller & Suspense",Thrillers & Suspense,USD,9.99,NA,www.amazon.com,Audiobook Audiobook ,0,Hardcover ,34.49,Paperback ,11.95,4.5,11173,13174,,Amazon,12/21/2021
949,1250301696,1250301696,The Silent Patient,Alex Michaelides,"Mystery, Thriller & Suspense",Thrillers & Suspense,USD,12.99,26.99,www.amazon.com,Kindle ,12.5,Audiobook ,0,Paperback ,13.32,4.5,92537,286,ATVPDKIKX0DER,Vivé Liber Books LLC,12/21/2021
950,1538714655,1538714655,The Silent Wife,Kerry Fisher,Literature & Fiction,Fiction,USD,11.69,12.99,www.amazon.com,Kindle ,3.99,Audiobook ,0,Mass Market Paperback ,7.99,4.3,14299,10270,ATVPDKIKX0DER,Fast Books Now,12/21/2021
951,B00IMLDGIM,,The Silkworm,"Robert Galbraith (Author), Robert Glenister (Narrator), Hachette Audio (Publisher) & 0 more","Mystery, Thriller & Suspense",Mystery,USD,9.99,NA,www.amazon.com,Kindle ,9.99,Hardcover ,13,Paperback ,11.97,4.3,14469,4415,,Amazon,12/21/2021
952,0618391118,0618391118,The Silmarillion,J.R.R. Tolkien,Literature & Fiction,United States,USD,32.99,40,www.amazon.com,Kindle ,0,Audiobook ,0,Paperback ,15.49,4.7,10261,5327,ATVPDKIKX0DER,VMG Books & Media,12/21/2021
953,198482564X,198482564X,The Skinnytaste Air Fryer Cookbook,Gina Homolka,"Crafts, Hobbies & Home",Home Improvement & Design,USD,14.06,22,www.amazon.com,Kindle ,8.99,,NA,,NA,4.6,10854,477,ATVPDKIKX0DER,kichoyproductions,12/21/2021
954,1542005159,1542005159,The Skylark S Secret,Fiona Valpy,Literature & Fiction,Fiction,USD,8.79,14.95,www.amazon.com,Kindle ,0,Audiobook ,0,Audio CD ,14.99,4.4,15433,65820,ATVPDKIKX0DER,Goodwill Industries of Houston,12/21/2021
955,0062060619,0062060619,The Song Of Achilles,Madeline Miller,Literature & Fiction,Fiction,USD,25.19,27.99,www.amazon.com,Kindle ,10.49,Audiobook ,0,Paperback ,10.35,4.7,31125,4956,ATVPDKIKX0DER,Goodwill of Colorado,12/21/2021
956,1638788499,1638788499,The Spell Book For New Witches,Ambrosia Hawthorn,Religion & Spirituality,New Age & Spirituality,USD,10.64,22.99,www.amazon.com,Kindle ,0,Audiobook ,0,Paperback ,10.19,4.7,13715,14501,ATVPDKIKX0DER,Amazon,12/21/2021
957,0385348711,0385348711,The Splendid And The Vile,Erik Larson,Biographies & Memoirs,Leaders & Notable People,USD,15.25,32,www.amazon.com,Kindle ,11.99,Audiobook ,0,Paperback ,18.99,4.7,24717,430,ATVPDKIKX0DER,-OnTimeBooks-,12/21/2021
958,1101904216,1101904216,The Spy And The Traitor,Ben Macintyre,History,Americas,USD,14.29,18,www.amazon.com,Kindle ,14.99,Audiobook ,0,Hardcover ,NA,4.7,12522,259,ATVPDKIKX0DER,Momma's Media,12/21/2021
959,0307947300,0307947300,The Stand,Stephen King,Literature & Fiction,Fiction,USD,9.75,18,www.amazon.com,Kindle ,9.99,Audiobook ,0,Hardcover ,24.12,4.7,22356,3295,ATVPDKIKX0DER,Mortuus Books,12/21/2021
960,0316460834,0316460834,The Step By Step Instant Pot Cookbook,Jeffrey Eisner,"Cookbooks, Food & Wine",Main Courses & Side Dishes,USD,10.78,19.99,www.amazon.com,Kindle ,11.99,Spiral-bound ,24.55,,NA,4.7,24744,199,ATVPDKIKX0DER,GoodwillBooks,12/21/2021
961,B07YG8L383,,The Stopover,"T L Swan (Author), Sebastian York (Narrator), CJ Bloom (Narrator), Brilliance Audio (Publisher) & 1 more",Literature & Fiction,Women's Fiction,USD,9.99,NA,www.amazon.com,Kindle ,0,Paperback ,9.95,Audio CD ,14.99,4.5,11453,2250,,Amazon,12/21/2021
962,B07415PPP1,,The Storyteller S Secret,Sejal Badani,Literature & Fiction,Fiction,USD,9.99,NA,www.amazon.com,Audiobook Audiobook ,0,Hardcover ,17.99,Paperback ,8.99,4.6,15898,4712,,Amazon,12/21/2021
963,0062457713,0062457713,The Subtle Art Of Not Giving A F Ck,Mark Manson,Self-Help,Happiness,USD,11.5,26.99,www.amazon.com,Kindle ,12.99,Audiobook ,0,Paperback ,20.71,4.6,58209,20,ATVPDKIKX0DER,Surfin' Jonny's Used Books.,12/21/2021
964,1449486797,1449486797,The Sun And Her Flowers,Rupi Kaur,Literature & Fiction,Poetry,USD,9,16.99,www.amazon.com,Kindle ,0,Audiobook ,0,Hardcover ,12.42,4.8,13703,575,ATVPDKIKX0DER,Vivé Liber Books LLC,12/21/2021
965,B0888TMYGZ,,The Survivors,"Jane Harper (Author), Stephen Shanahan (Narrator), Macmillan Audio (Publisher) & 0 more",Literature & Fiction,Fiction,USD,9.99,NA,www.amazon.com,Kindle ,14.99,Hardcover ,18.2,Paperback ,28.93,4.2,11244,5551,,Amazon,12/21/2021
966,B00J4W2HFG,,The Target,"David Baldacci (Author), Ron McLarty (Narrator), Orlagh Cassidy (Narrator), Hachette Audio (Publisher) & 1 more",Literature & Fiction,Action & Adventure,USD,9.99,NA,www.amazon.com,Kindle ,11.99,Hardcover ,18.38,Paperback ,13.71,4.5,10664,4910,,Amazon,12/21/2021
967,0062797158,0062797158,The Tattooist Of Auschwitz,Heather Morris,Literature & Fiction,Fiction,USD,12.4,16.99,www.amazon.com,Kindle ,10.99,Audiobook ,0,Hardcover ,24.99,4.7,46174,2400,ATVPDKIKX0DER,-OnTimeBooks-,12/21/2021
968,1501180819,1501180819,The Terminal List,Jack Carr,Literature & Fiction,Action & Adventure,USD,17.79,28,www.amazon.com,Kindle ,12.99,Audiobook ,0,Paperback ,12.13,4.7,11963,8340,ATVPDKIKX0DER,BookaBookNowFREE,12/21/2021
969,0525562621,0525562621,The Testaments,Margaret Atwood,Literature & Fiction,Fiction,USD,12.26,16.95,www.amazon.com,Kindle ,11.99,Audiobook ,0,Hardcover ,16.13,4.6,25363,5819,ATVPDKIKX0DER,Amazon,12/21/2021
970,1525823566,1525823566,The Things We Cannot Say,Kelly Rimmer,Literature & Fiction,Fiction,USD,13.58,16.99,www.amazon.com,Kindle ,9.99,Audiobook ,0,Hardcover ,31.99,4.7,10429,1713,ATVPDKIKX0DER,Amazon,12/21/2021
971,B00M0D2HQ0,1419741934,The Third Wheel,Jeff Kinney,Children's Books,Humor,USD,8.99,14.99,www.amazon.com,Kindle & comiXology ,1.99,Audiobook ,0,Paperback ,8.37,4.7,10239,1646,ATVPDKIKX0DER,Clean Earth Books,12/21/2021
972,0765377063,0765377063,The Three Body Problem,Cixin Liu,Literature & Fiction,World Literature,USD,15.99,27.99,www.amazon.com,Kindle ,0,Audiobook ,0,Paperback ,10.59,4.3,10996,8129,ATVPDKIKX0DER,Goodwill Southern California,12/21/2021
973,1984880985,1984880985,The Thursday Murder Club,Richard Osman,Literature & Fiction,British & Irish,USD,13.39,17,www.amazon.com,Kindle ,11.99,Audiobook ,0,Hardcover ,28.56,4.3,67564,282,ATVPDKIKX0DER,gwspokanebooks,12/21/2021
974,1423101456,1423101456,The Titan S Curse,Rick Riordan,Children's Books,"Fairy Tales, Folk Tales & Myths",USD,11.75,17.99,www.amazon.com,Kindle ,0,Audiobook ,0,Paperback ,5,4.8,10131,18574,ATVPDKIKX0DER,-OnTimeBooks-,12/21/2021
975,1595555277,9781595555274,The Total Money Makeover,Dave Ramsey,Christian Books & Bibles,Christian Living,USD,11.88,28.99,www.amazon.com,Kindle ,15.49,Audiobook ,0,Audio CD ,52.97,4.7,23240,541,ATVPDKIKX0DER,Jenson Books Inc,12/21/2021
976,1484746457,1484746457,The Tower Of Nero,Rick Riordan,Children's Books,"Fairy Tales, Folk Tales & Myths",USD,13.12,19.99,www.amazon.com,Kindle ,9.99,Audiobook ,0,Paperback ,20.57,4.9,13292,2525,ATVPDKIKX0DER,SellingBooksForSchool,12/21/2021
977,1951025083,1951025083,The Try Not To Laugh Challenge Would Your Rather Eww Edition,Crazy Corey,Children's Books,"Activities, Crafts & Games",USD,6.99,NA,www.amazon.com,Kindle ,0,Spiral-bound ,18.95,,NA,4.6,14793,163,ATVPDKIKX0DER,Clean Earth Books,12/21/2021
978,1503951812,1503951812,The Tuscan Child,Rhys Bowen,Literature & Fiction,Fiction,USD,10.99,14.95,www.amazon.com,Kindle ,0,Audiobook ,0,Hardcover ,13.89,4.3,15766,38132,ATVPDKIKX0DER,OBXBookRescue,12/21/2021
979,1646084357,1646084357,The Ultimate Guide To Modern Calligraphy Hand Lettering For Beginners,June & Lucy,Arts & Photography,Drawing,USD,18.66,24.99,www.amazon.com,Paperback ,6.99,,NA,,NA,4.6,20760,5657,ATVPDKIKX0DER,Amazon,12/21/2021
980,1699451958,1699451958,The Ultimate Instant Pot Cookbook,Simon Rush,"Cookbooks, Food & Wine",Regional & International,USD,9.9,NA,www.amazon.com,Kindle ,4.99,Spiral-bound ,21.99,,NA,4.3,16904,775,ATVPDKIKX0DER,Amazon,12/21/2021
981,0345804325,0345804325,The Underground Railroad,Colson Whitehead,Literature & Fiction,United States,USD,13.01,16.95,www.amazon.com,Kindle ,11.99,Audiobook ,0,Hardcover ,16.49,4.5,17466,4936,A3K0ENLK4RWRFC,Babs BooksBabs Books-OnTimeBooks-,12/21/2021
982,1501128035,1501128035,The Unhoneymooners,Christina Lauren,Literature & Fiction,Women's Fiction,USD,8.44,16.99,www.amazon.com,Kindle ,10.99,Audiobook ,0,Audio CD ,19.99,4.5,15472,617,ATVPDKIKX0DER,Goodwill Minnesota,12/21/2021
983,0812983459,0812983459,The Unlikely Pilgrimage Of Harold Fry,Rachel Joyce,Literature & Fiction,Fiction,USD,11,17,www.amazon.com,Kindle ,12.99,Audiobook ,0,Hardcover ,20.95,4.4,11120,29475,ATVPDKIKX0DER,Veteran-Outsource??,12/21/2021
984,1440503257,1440503257,The Unofficial Harry Potter Cookbook,Dinah Bucholz,Children's Books,"Arts, Music & Photography",USD,9.99,19.95,www.amazon.com,Kindle ,0,,NA,,NA,4.7,25249,19,ATVPDKIKX0DER,Amazon,12/21/2021
985,1572245379,1572245379,The Untethered Soul,Michael A. Singer,"Health, Fitness & Dieting",Alternative Medicine,USD,14.45,18.95,www.amazon.com,Kindle ,9.99,Hardcover ,11.29,Audio CD ,17.49,4.7,20224,471,ATVPDKIKX0DER,Amazon,12/21/2021
986,0525536299,0525536299,The Vanishing Half,Brit Bennett,Literature & Fiction,Fiction,USD,17.37,27,www.amazon.com,Kindle ,11.99,Audiobook ,0,Paperback ,16.6,4.4,78423,862,ATVPDKIKX0DER,2nd Life Aloha,12/21/2021
987,B08CV9SPDQ,,The Venice Sketchbook,Rhys Bowen,Literature & Fiction,Fiction,USD,9.99,NA,www.amazon.com,Audiobook Audiobook ,0,Hardcover ,14.59,Paperback ,10.99,4.5,28466,18,,Amazon,12/21/2021
988,0399226907,0399226907,The Very Hungry Caterpillar,Eric Carle,Children's Books,Early Learning,USD,5.06,NA,www.amazon.com,Kindle ,8.99,Audiobook ,0,,NA,4.9,43177,48,ATVPDKIKX0DER,Amazon,12/21/2021
989,006313862X,006313862X,The Viscount Who Loved Me,Julia Quinn,Literature & Fiction,Women's Fiction,USD,7.5,16.99,www.amazon.com,Kindle ,7.99,Audiobook ,0,Hardcover ,20.99,4.6,24901,3223,ATVPDKIKX0DER,Valleys Books & More,12/21/2021
990,1936891026,1936891026,The War Of Art,Steven Pressfield,"Health, Fitness & Dieting",Psychology & Counseling,USD,12.95,NA,www.amazon.com,Kindle ,9.99,Audiobook ,0,Hardcover ,NA,4.6,11425,2006,ATVPDKIKX0DER,Little Tahoma Books,12/21/2021
991,0679763880,0679763880,The Warmth Of Other Suns,Isabel Wilkerson,Politics & Social Sciences,Social Sciences,USD,15.95,17.95,www.amazon.com,Kindle ,14.99,Audiobook ,0,Hardcover ,29.99,4.8,14899,1720,ATVPDKIKX0DER,MjTreasuresCT,12/21/2021
992,B08HDK46CR,,The Watcher Girl,"Minka Kent (Author), Saskia Maarleveld (Narrator), Brilliance Audio (Publisher) & 0 more","Mystery, Thriller & Suspense",Thrillers & Suspense,USD,9.99,NA,www.amazon.com,Kindle ,0,Paperback ,8.79,Audio CD ,4.66,4.2,10509,7926,,Amazon,12/21/2021
993,0399590595,0399590595,The Water Dancer,Ta-Nehisi Coates,Literature & Fiction,United States,USD,14.69,28,www.amazon.com,Kindle ,13.99,Audiobook ,0,Paperback ,12.31,4.6,11732,23166,ATVPDKIKX0DER,EmeraldGems,12/21/2021
994,0765326353,9780765326355,The Way Of Kings,Brandon Sanderson,Science Fiction & Fantasy,Fantasy,USD,23.58,37.99,www.amazon.com,Kindle ,9.99,Audiobook ,0,Paperback ,14.79,4.8,20154,3921,ATVPDKIKX0DER,Booksabillions,12/21/2021
995,B08DYF1ZJ2,,The Wedding Game,"Meghan Quinn (Author), Lauren Sweet (Narrator), Tor Thom (Narrator), Brilliance Audio (Publisher) & 1 more",Literature & Fiction,Women's Fiction,USD,9.99,NA,www.amazon.com,Kindle ,0,Paperback ,6.69,Audio CD ,22.99,4.2,11303,5617,,Amazon,12/21/2021
996,B01C1LUFFK,,The Whistler,by John Grisham (Author) Format: Kindle Edition,"Mystery, Thriller & Suspense",Thrillers & Suspense,USD,9.99,NA,www.amazon.com,Hardcover ,157.63,,NA,,NA,4.4,16063,73,,Amazon,12/21/2021
997,0553386697,9780553386691,The Whole Brain Child,Daniel J. SiegelTina Payne Bryson,"Health, Fitness & Dieting",Psychology & Counseling,USD,10.76,17,www.amazon.com,Kindle ,9.99,Audiobook ,0,Hardcover ,13.39,4.8,11457,621,ATVPDKIKX0DER,JW-Wilson,12/21/2021
998,0544609719,0544609719,The Whole30,Melissa Hartwig UrbanDallas Hartwig,"Cookbooks, Food & Wine",Special Diet,USD,14.98,30,www.amazon.com,Kindle ,14.99,Paperback ,22.58,Spiral-bound ,34.99,4.6,14012,1481,ATVPDKIKX0DER,2nd Life Aloha,12/21/2021
999,0316310328,0316310328,The Wicked King,Holly Black,Teen & Young Adult,Fiction,USD,10.99,12.99,www.amazon.com,Kindle ,12.99,Audiobook ,0,Hardcover ,15.73,4.7,11069,3286,ATVPDKIKX0DER,Amazon,12/21/2021
1000,1250130948,1250130948,The Wife Between Us,Greer HendricksSarah Pekkanen,Literature & Fiction,Women's Fiction,USD,9.98,16.99,www.amazon.com,Kindle ,9.99,Audiobook ,0,Hardcover ,13,4.4,11865,9862,ATVPDKIKX0DER,Vivé Liber Books LLC,12/21/2021
1001,0062466593,0062466593,The Wild Unknown Tarot Deck And Guidebook,Kim Krans,Religion & Spirituality,New Age & Spirituality,USD,28.61,39.99,www.amazon.com,Cards ,40,,NA,,NA,4.8,19404,3511,ATVPDKIKX0DER,Goodwill Industries of Southern Nevada,12/21/2021
1002,0756407915,0756407915,The Wise Man S Fear,Patrick Rothfuss,Literature & Fiction,Action & Adventure,USD,7.39,9.99,www.amazon.com,Kindle ,9.99,Audiobook ,0,Hardcover ,23.49,4.7,16350,7537,ATVPDKIKX0DER,Bay State Book Company,12/21/2021
1003,1538728621,1538728621,The Wish,Nicholas Sparks,Literature & Fiction,Fiction,USD,14,28,www.amazon.com,Kindle ,14.99,Audiobook ,0,Paperback ,19.99,4.8,13371,57,ATVPDKIKX0DER,Amazon,12/21/2021
1004,B07S75YF4G,,The Wives,"Tarryn Fisher (Author), Lauren Fortgang (Narrator), Harlequin Audio (Publisher) & 0 more","Mystery, Thriller & Suspense",Thrillers & Suspense,USD,9.99,NA,www.amazon.com,Kindle ,9.99,Hardcover ,14.89,Paperback ,9.65,4.1,11280,1752,,Amazon,12/21/2021
1005,1501132954,1501132954,The Woman In Cabin 10,Ruth Ware,"Mystery, Thriller & Suspense",Thrillers & Suspense,USD,7.2,16,www.amazon.com,Kindle ,12.99,Audiobook ,0,Hardcover ,15.96,4.2,11104,7507,ATVPDKIKX0DER,Amazon,12/21/2021
1006,0062678426,0062678426,The Woman In The Window,A. J Finn,"Mystery, Thriller & Suspense",Thrillers & Suspense,USD,7.98,17.99,www.amazon.com,Kindle ,10.99,Audiobook ,0,Hardcover ,13.23,4.4,33470,2569,ATVPDKIKX0DER,Amazon,12/21/2021
1007,0385376715,0385376715,The Wonderful Things You Will Be,Emily Winfield Martin,Children's Books,Growing Up & Facts of Life,USD,8.55,17.99,www.amazon.com,Kindle ,10.99,Audiobook ,0,,NA,4.9,18752,89,ATVPDKIKX0DER,-OnTimeBooks-,12/21/2021
1008,0545261244,0545261244,The Wonky Donkey,Craig Smith,Children's Books,Animals,USD,5.28,7.99,www.amazon.com,Kindle ,4.99,Spiral-bound ,17.55,Board book ,NA,4.8,64835,115,ATVPDKIKX0DER,Montes Books and More,12/21/2021
1009,1407197797,1407197797,The Wonky Donkey Book Toy Boxed Set,Craig Smith,Children's Books,Growing Up & Facts of Life,USD,23.41,NA,www.amazon.com,Kindle ,4.99,Board book ,NA,,NA,4.8,64835,459566,A2LV0SRZBF8L1P,BOOKS etc. _BOOKS etc. _,12/21/2021
1010,1455524204,1455524204,The Wrong Side Of Goodbye,Michael Connelly,"Mystery, Thriller & Suspense",Thrillers & Suspense,USD,9.99,NA,www.amazon.com,Kindle ,9.99,Audiobook ,0,Hardcover ,18.48,4.7,11478,27543,ATVPDKIKX0DER,Violonick,12/21/2021
1011,1501154656,1501154656,Then She Was Gone,Lisa Jewell,Literature & Fiction,Fiction,USD,8.52,16,www.amazon.com,Kindle ,12.99,Audiobook ,0,Library Binding ,35.99,4.6,37344,511,ATVPDKIKX0DER,-OnTimeBooks-,12/21/2021
1012,0679891153,9780679891154,There S No Place Like Space,Tish RabeAristides Ruiz,Children's Books,Fiction,USD,8.98,9.99,www.amazon.com,Kindle ,9.99,Paperback ,85.06,,NA,4.8,22023,247,ATVPDKIKX0DER,Estes Enterprise,12/21/2021
1013,B08L9MPPNJ,,These Tangled Vines,"Julianne MacLean (Author), Carlotta Brentan (Narrator), Brilliance Audio (Publisher) & 0 more",Literature & Fiction,Fiction,USD,9.99,NA,www.amazon.com,Kindle ,0,Paperback ,7.99,Audio CD ,14.99,4.4,36586,2126,,Amazon,12/21/2021
1014,B08MPVFL46,,These Toxic Things,Rachel Howzell Hall,"Mystery, Thriller & Suspense",Thrillers & Suspense,USD,9.99,NA,www.amazon.com,Audiobook Audiobook ,0,Hardcover ,15.66,Paperback ,11.19,4.1,11791,1598,,Amazon,12/21/2021
1015,0062457802,0062457802,They Both Die At The End,Adam Silvera,Teen & Young Adult,Fiction,USD,8.07,12.99,www.amazon.com,Kindle ,10.99,Audiobook ,0,Hardcover ,NA,4.7,18823,149,ATVPDKIKX0DER,Amazon,12/21/2021
1016,0785833528,0785833528,Think And Grow Rich,Napoleon Hill,Business & Money,Business Culture,USD,7.89,9.99,www.amazon.com,Kindle ,2.99,Audiobook ,0,Paperback ,7.49,4.7,57412,2095,ATVPDKIKX0DER,Amazon,12/21/2021
1017,1982134488,1982134488,Think Like A Monk,Jay Shetty,"Health, Fitness & Dieting",Alternative Medicine,USD,13,27,www.amazon.com,Kindle ,12.99,Audiobook ,0,Paperback ,14.19,4.8,24871,515,ATVPDKIKX0DER,Amazon,12/21/2021
1018,0374275637,0374275637,Thinking Fast And Slow,Daniel Kahneman,Business & Money,Management & Leadership,USD,21.99,35,www.amazon.com,Kindle ,0,Audiobook ,0,Paperback ,11.29,4.6,22138,5977,ATVPDKIKX0DER,-OnTimeBooks-,12/21/2021
1019,159514188X,1595147888,Thirteen Reasons Why,Jay Asher,Teen & Young Adult,Fiction,USD,8.39,10.99,www.amazon.com,Kindle ,9.99,Audiobook ,0,Hardcover ,15.57,4.5,12152,24499,ATVPDKIKX0DER,-OnTimeBooks-,12/21/2021
1020,0316426725,0316426725,This Is Going To Hurt,Adam Kay,Biographies & Memoirs,Professionals & Academics,USD,24.99,28,www.amazon.com,Paperback ,15.96,Audio CD ,21.42,,NA,4.6,31432,91884,ATVPDKIKX0DER,MaddysAttic2019,12/21/2021
1021,1542019818,1542019818,This Magnificent Dappled Sea,David Biro,Literature & Fiction,Fiction,USD,6.49,14.95,www.amazon.com,Kindle ,0,Audiobook ,0,Audio CD ,14.99,4.2,16688,24789,ATVPDKIKX0DER,Amazon,12/21/2021
1022,1476749302,1476749302,This Tender Land,William Kent Krueger,Literature & Fiction,Fiction,USD,9.76,17,www.amazon.com,Kindle ,12.99,Audiobook ,0,Hardcover ,14.79,4.6,19033,2074,ATVPDKIKX0DER,Vivé Liber Books LLC,12/21/2021
1023,1547601329,1547601329,Throne Of Glass,Sarah J. Maas,Teen & Young Adult,Fiction,USD,28.49,35,www.amazon.com,Kindle ,6.26,Audiobook ,0,Paperback ,9.96,4.6,19933,22418,ATVPDKIKX0DER,Goodwill Industries of Kansas Inc,12/21/2021
1024,0060935464,0060935464,To Kill A Mockingbird,Harper Lee,Literature & Fiction,Fiction,USD,7.19,15.99,www.amazon.com,Kindle ,9.99,Audiobook ,0,Hardcover ,21.22,4.8,53270,618,ATVPDKIKX0DER,Jenson Books Inc.,12/21/2021
1025,0062420704,0062420704,To Kill A Mockingbird 50th Anniversary Edition,Harper Lee,Literature & Fiction,Fiction,USD,21.22,27.99,www.amazon.com,Kindle ,9.99,Audiobook ,0,Paperback ,7.19,4.8,53270,7826,ATVPDKIKX0DER,MediaFlow,12/21/2021
1026,0063141256,0063141256,To Sir Phillip With Love,Julia Quinn,Literature & Fiction,Women's Fiction,USD,7.1,16.99,www.amazon.com,Kindle ,7.99,Audiobook ,0,Hardcover ,17.89,4.6,15975,10804,ATVPDKIKX0DER,Prime 1 Books,12/21/2021
1027,1982141468,1982141468,Too Much And Never Enough,by Mary L. Trump Ph.D. (Author),Biographies & Memoirs,Leaders & Notable People,USD,12.95,28,www.amazon.com,Kindle ,14.99,Audiobook ,0,Paperback ,13.73,4.6,100137,4086,ATVPDKIKX0DER,Murfbooks,12/21/2021
1028,1501190660,1501190660,Total Power,Kyle Mills,"Mystery, Thriller & Suspense",Thrillers & Suspense,USD,7.48,9.99,www.amazon.com,Kindle ,8.99,Audiobook ,0,Hardcover ,9.92,4.5,15051,17542,ATVPDKIKX0DER,New Legacy Books,12/21/2021
1029,168119922X,168119922X,Tower Of Dawn,Sarah J. Maas,Teen & Young Adult,Fiction,USD,6.89,11.99,www.amazon.com,Kindle ,6.55,Audiobook ,0,Hardcover ,18.76,4.7,10912,5887,ATVPDKIKX0DER,Amazon,12/21/2021
1030,1686456964,1686456964,Trace Letters,Sujatha Lalgudi,Children's Books,Education & Reference,USD,5.95,NA,www.amazon.com,,NA,,NA,,NA,4.8,14782,405,ATVPDKIKX0DER,Amazon,12/21/2021
1031,1449494862,1449494862,Trapped In A Video Game,Dustin Brady,Children's Books,Growing Up & Facts of Life,USD,4.99,9.99,www.amazon.com,Kindle & comiXology ,0,Audiobook ,0,Hardcover ,10.5,4.7,10112,472,ATVPDKIKX0DER,Amazon,12/21/2021
1032,B009YQ72CU,,Tripwire,"Lee Child (Author), Johnathan McClain (Narrator), Penguin Audio (Publisher) & 0 more","Mystery, Thriller & Suspense",Thrillers & Suspense,USD,9.99,NA,www.amazon.com,Kindle ,9.99,Hardcover ,30.99,Paperback ,11.99,4.5,13239,1375,,Amazon,12/21/2021
1033,0316498939,0316498939,Troubled Blood,Robert Galbraith,"Mystery, Thriller & Suspense",Thrillers & Suspense,USD,14.5,29,www.amazon.com,Kindle ,12.99,Audiobook ,0,Paperback ,15.49,4.6,42894,17234,ATVPDKIKX0DER,Jenson Books Inc,12/21/2021
1034,0316435589,0316435589,Troubles In Paradise,Elin Hilderbrand,Literature & Fiction,Fiction,USD,14,28,www.amazon.com,Kindle ,11.99,Audiobook ,0,Paperback ,13.08,4.5,14680,31188,ATVPDKIKX0DER,UniqueStorez,12/21/2021
1035,0394555287,0394555287,Trump,Donald J. TrumpTony Schwartz,Biographies & Memoirs,Leaders & Notable People,USD,16.63,28,www.amazon.com,Kindle ,13.99,Audiobook ,0,Paperback ,13.33,4.7,11170,11950,ATVPDKIKX0DER,-OnTimeBooks-,12/21/2021
1036,0385484518,0385484518,Tuesdays With Morrie,Mitch Albom,Self-Help,Death & Grief,USD,12.99,25.95,www.amazon.com,Kindle ,13.99,Audiobook ,0,Paperback ,7.51,4.8,14255,6231,ATVPDKIKX0DER,VMG Books & Media,12/21/2021
1037,1529018587,1529018587,Twas The Nightshift Before Christmas,Adam Kay,Biographies & Memoirs,Professionals & Academics,USD,15.72,19.99,www.amazon.com,Kindle ,8.79,Audiobook ,0,Audio CD ,23.56,4.6,13173,179067,ATVPDKIKX0DER,Clickgoodwill,12/21/2021
1038,0486411435,0486411435,Twelve Years A Slave,Solomon Northup,History,Americas,USD,7.99,9.95,www.amazon.com,Kindle ,0.25,Audiobook ,0,Hardcover ,12.47,4.6,15993,157256,ATVPDKIKX0DER,Jenson Books Inc,12/21/2021
1039,0316015849,0316015849,Twilight,Stephenie Meyer,Teen & Young Adult,Science Fiction & Fantasy,USD,10.16,16.99,www.amazon.com,Kindle ,10.99,Audiobook ,0,Hardcover ,17.99,4.7,18585,1819,ATVPDKIKX0DER,Amazon,12/21/2021
1040,0399180214,0399180214,Twisted Twenty Six,Janet Evanovich,Literature & Fiction,Humor & Satire,USD,7.48,9.99,www.amazon.com,Kindle ,9.99,Audiobook ,0,Hardcover ,14.86,4.7,14669,10125,ATVPDKIKX0DER,Good Books Will Follow,12/21/2021
1041,1476753180,1476753180,Ugly Love,Colleen Hoover,Literature & Fiction,Fiction,USD,10.19,16.99,www.amazon.com,Kindle ,10.99,Audiobook ,0,Hardcover ,NA,4.7,18922,113,ATVPDKIKX0DER,Amazon,12/21/2021
1042,1400064163,9781400064168,Unbroken,Laura Hillenbrand,Biographies & Memoirs,Leaders & Notable People,USD,13.92,30,www.amazon.com,Kindle ,9.99,Audiobook ,0,Paperback ,11.7,4.8,32491,1747,ATVPDKIKX0DER,California Book Bag,12/21/2021
1043,0062803832,0062803832,Unfu K Yourself,Gary John Bishop,Self-Help,Happiness,USD,12.99,21.99,www.amazon.com,Kindle ,13.99,Audiobook ,0,Paperback ,11.95,4.6,16512,1340,ATVPDKIKX0DER,YHHWORLDREAD,12/21/2021
1044,1999896963,1999896963,Unicorn Coloring Book,Silly Bear,Children's Books,"Arts, Music & Photography",USD,4.99,NA,www.amazon.com,Spiral-bound ,15.95,,NA,,NA,4.8,16649,62,ATVPDKIKX0DER,Amazon,12/21/2021
1045,B07P5BPVGM,,Unspeakable Things,Jess Lourey,"Mystery, Thriller & Suspense",Thrillers & Suspense,USD,9.99,NA,www.amazon.com,Audiobook Audiobook ,0,Paperback ,11.99,Audio CD ,14.99,4.2,17923,1882,,Amazon,12/21/2021
1046,059340047X,059340047X,Untamed,Glennon Doyle,Christian Books & Bibles,Christian Living,USD,16.73,30,www.amazon.com,Kindle ,14.99,Audiobook ,0,Hardcover ,16.73,4.6,56480,4157,ATVPDKIKX0DER,Seattlegoodwill,12/21/2021
1047,1421561328,1421561328,Uzumaki,by Junji Ito (Author),Comics & Graphic Novels,Manga,USD,9.99,NA,www.amazon.com,Kindle & comiXology ,9.99,,NA,,NA,4.9,12141,7476,,Amazon,12/21/2021
1048,1538724731,1538724731,Verity,Colleen Hoover,"Mystery, Thriller & Suspense",Thrillers & Suspense,USD,13.08,16.99,www.amazon.com,Kindle ,7.99,Audiobook ,0,Hardcover ,19.89,4.6,42924,108,ATVPDKIKX0DER,Amazon,12/21/2021
1049,0778360016,0778360016,Virgin River,Robyn Carr,Literature & Fiction,Dramas & Plays,USD,10.69,16.99,www.amazon.com,Kindle ,0,Audiobook ,0,Hardcover ,20.99,4.6,11102,6302,ATVPDKIKX0DER,R&K Accounting,12/21/2021
1050,0786966017,0786966017,Volo S Guide To Monsters,Wizards RPG Team,Humor & Entertainment,Puzzles & Games,USD,26.49,49.95,www.amazon.com,,NA,,NA,,NA,4.9,11531,1014,ATVPDKIKX0DER,Amazon,12/21/2021
1051,0385302320,0385302320,Voyager,Diana Gabaldon,Literature & Fiction,Fiction,USD,28.99,35,www.amazon.com,Kindle ,9.99,Audiobook ,0,Paperback ,7.4,4.8,15337,33243,ATVPDKIKX0DER,Mr carters,12/21/2021
1052,B012C0PFCS,,Vtech Musical Rhymes Book Pink,VTech,"Games,Learning & Education,Electronic Learning Toys,Books]",,USD,17.99,NA,www.amazon.com,,NA,,NA,,NA,4.8,18477,81,ATVPDKIKX0DER,Amazon,12/21/2021
1053,0762462876,0762462876,Wacky Waving Inflatable Tube Guy,"by Conor Riordan (Author), Gemma Correll (Illustrator)",Humor & Entertainment,Humor,USD,6.79,12.95,www.amazon.com,,NA,,NA,,NA,4,33666,16,ATVPDKIKX0DER,Amazon,12/21/2021
1054,142319957X,9781423199571,Waiting Is Not Easy,Mo Willems,Children's Books,Growing Up & Facts of Life,USD,5.42,9.99,www.amazon.com,Paperback ,9.31,,NA,,NA,4.8,12801,388,ATVPDKIKX0DER,Amazon,12/21/2021
1055,B0844QMMPD,,Walk The Wire,"David Baldacci (Author), Kyf Brewer (Narrator), Orlagh Cassidy (Narrator), Grand Central Publishing (Publisher) & 1 more",Literature & Fiction,Action & Adventure,USD,9.99,NA,www.amazon.com,Kindle ,9.99,Hardcover ,13,Paperback ,9.98,4.5,21074,16447,,Amazon,12/21/2021
1056,0062563297,0062563297,War Lord,Bernard Cornwell,Literature & Fiction,Fiction,USD,18.29,28.99,www.amazon.com,Kindle ,11.99,Audiobook ,0,Paperback ,14.28,4.8,11275,37634,ATVPDKIKX0DER,MollyinTexas,12/21/2021
1057,1250759668,1250759668,We Begin At The End,Chris Whitaker,Literature & Fiction,Fiction,USD,16.79,27.99,www.amazon.com,Kindle ,14.99,Audiobook ,0,Paperback ,17.99,4.4,11312,5187,ATVPDKIKX0DER,Jenson Books Inc,12/21/2021
1058,0679832270,0679832270,We Re Different We Re The Same,Joe Mathieu,Children's Books,Growing Up & Facts of Life,USD,3.3,4.99,www.amazon.com,Kindle ,4.99,Hardcover ,8.99,Board book ,9.71,4.9,10132,3932,ATVPDKIKX0DER,Amazon,12/21/2021
1059,0689815816,0689815816,We Re Going On A Bear Hunt,Michael Rosen,Children's Books,Early Learning,USD,7.99,NA,www.amazon.com,Hardcover ,14.99,Paperback ,7.99,Audio CD ,298.87,4.8,10531,1440,ATVPDKIKX0DER,Amazon,12/21/2021
1060,038574126X,9780385741262,We Were Liars,E. Lockhart,Teen & Young Adult,Fiction,USD,12.2,17.99,www.amazon.com,Kindle ,9.99,Audiobook ,0,Paperback ,5.98,4.5,31424,10978,ATVPDKIKX0DER,Bay State Book Company,12/21/2021
1061,0143134760,0143134760,We Were The Lucky Ones,Georgia Hunter,Literature & Fiction,Fiction,USD,8.79,9.99,www.amazon.com,Kindle ,8.99,Audiobook ,0,Hardcover ,42.16,4.7,10610,31061,ATVPDKIKX0DER,illventure,12/21/2021
1062,154202174X,154202174X,West With Giraffes,Lynda Rutledge,Literature & Fiction,Fiction,USD,17.99,24.95,www.amazon.com,Kindle ,0,Audiobook ,0,Paperback ,8.79,4.7,35412,18153,ATVPDKIKX0DER,Amazon,12/21/2021
1063,0425247449,0425247449,What Alice Forgot,Liane Moriarty,Literature & Fiction,Fiction,USD,11.2,16,www.amazon.com,Kindle ,9.99,Audiobook ,0,Hardcover ,31.99,4.4,17738,10740,ATVPDKIKX0DER,-OnTimeBooks-,12/21/2021
1064,0544272994,0544272994,What If,Randall Munroe,Humor & Entertainment,Humor,USD,14.79,28,www.amazon.com,Kindle ,11.99,Audiobook ,0,Paperback ,NA,4.7,15720,1108,ATVPDKIKX0DER,Goodwill of Colorado,12/21/2021
1065,069284838X,069284838X,What Should Danny Do,Adir Levy,Children's Books,Growing Up & Facts of Life,USD,14.69,21.99,www.amazon.com,,NA,,NA,,NA,4.8,19821,147,ATVPDKIKX0DER,Amazon Warehouse,12/21/2021
1066,1503904598,1503904598,What The Wind Knows,Amy Harmon,Literature & Fiction,Fiction,USD,8.19,14.95,www.amazon.com,Kindle ,0,Audiobook ,0,Audio CD ,20.5,4.6,13912,18148,ATVPDKIKX0DER,Goodwill NWNC,12/21/2021
1067,0761187480,0761187480,What To Expect When You Re Expecting,Heidi Murkoff,"Health, Fitness & Dieting",Women's Health,USD,13.07,17.95,www.amazon.com,Kindle ,9.4,Audiobook ,0,Hardcover ,23.2,4.8,25304,248,ATVPDKIKX0DER,Media Trading Inc,12/21/2021
1068,1471147525,1471147525,What To Expect When You Re Expecting 5th Edition,by Heidi E Murkoff (Author),"Health, Fitness & Dieting",Women's Health,USD,20.32,NA,www.amazon.com,Kindle ,9.4,Audiobook ,0,Hardcover ,23.2,4.8,25304,52974,ATVPDKIKX0DER,awesomebooksusa,12/21/2021
1069,081298840X,081298840X,When Breath Becomes Air,Paul KalanithiAbraham Verghese,Medical Books,Medicine,USD,14.63,26,www.amazon.com,Kindle ,9.99,Audiobook ,0,Paperback ,14.1,4.7,22457,945,ATVPDKIKX0DER,Luxifi,12/21/2021
1070,0593193024,0593193024,When God Made You,Matthew Paul Turner,Children's Books,Fiction,USD,7.39,8.99,www.amazon.com,Kindle ,4.99,Audiobook ,0,Hardcover ,8.33,4.9,16525,9380,ATVPDKIKX0DER,Amazon,12/21/2021
1071,0063141280,0063141280,When He Was Wicked,Julia Quinn,Literature & Fiction,Women's Fiction,USD,6.9,16.99,www.amazon.com,Kindle ,7.99,Audiobook ,0,Hardcover ,12.89,4.6,14459,17627,ATVPDKIKX0DER,Missouri_Goodwill_Industries,12/21/2021
1072,1542004527,1542004527,When We Believed In Mermaids,Barbara O'Neal,Literature & Fiction,Fiction,USD,6.69,14.95,www.amazon.com,Kindle ,0,Audiobook ,0,MP3 CD ,14.99,4.5,46944,2752,ATVPDKIKX0DER,New Chapter Recycling,12/21/2021
1073,0385374151,0385374151,Where Do Diggers Sleep At Night,Brianna Caplan SayresChristian Slade,Children's Books,Growing Up & Facts of Life,USD,7.18,7.99,www.amazon.com,Kindle ,9.99,Library Binding ,10.92,,NA,4.8,11705,826,ATVPDKIKX0DER,Amazon,12/21/2021
1074,0689835604,0689835604,Where Is Baby S Belly Button A Lift The Flap Book,Karen Katz,Children's Books,"Science, Nature & How It Works",USD,4.98,5.99,www.amazon.com,Hardcover ,23.86,,NA,,NA,4.8,10439,1132,ATVPDKIKX0DER,goodwill_ind_of_mid_tn,12/21/2021
1075,0399240462,0399240462,Where S Spot,Eric Hill,Children's Books,Animals,USD,4.97,7.99,www.amazon.com,Kindle ,9.79,Hardcover ,19.48,Paperback ,7.99,4.8,23322,104,ATVPDKIKX0DER,Amazon,12/21/2021
1076,072326340X,072326340X,Where S Spot Original Lift The Flap,by HILL ERIC (Author),Children's Books,"Activities, Crafts & Games",USD,19.48,NA,www.amazon.com,Kindle ,9.79,Paperback ,7.99,Mass Market Paperback ,18.78,4.8,23322,60057,A25X5FLQ1MMXNX,TheWorldShopUSATheWorldShopUSABahamut Media,12/21/2021
1077,0735219095,0735219095,Where The Crawdads Sing,Delia Owens,Literature & Fiction,Fiction,USD,12.4,26,www.amazon.com,Kindle ,12.99,Audiobook ,0,Paperback ,9.98,4.8,196572,669,ATVPDKIKX0DER,-OnTimeBooks-,12/21/2021
1078,1503904911,1503904911,Where The Forest Meets The Stars,Glendy Vanderah,Literature & Fiction,Fiction,USD,6.99,14.95,www.amazon.com,Kindle ,0,Audiobook ,0,Hardcover ,15.99,4.5,26551,3509,ATVPDKIKX0DER,Great Time Books,12/21/2021
1079,0399551239,0399551239,Where The Red Fern Grows,Wilson Rawls,Children's Books,Fiction,USD,13.69,16.99,www.amazon.com,Kindle ,7.99,Audiobook ,0,Paperback ,8.99,4.8,10395,7614,ATVPDKIKX0DER,4U Books and More,12/21/2021
1080,0060254920,0060254920,Where The Wild Things Are,Maurice Sendak,Children's Books,Science Fiction & Fantasy,USD,13.2,19.95,www.amazon.com,Audiobook Audiobook ,0,Paperback ,5,Audio CD ,28.42,4.9,27536,463,ATVPDKIKX0DER,-OnTimeBooks-,12/21/2021
1081,0385546572,0385546572,While Justice Sleeps,Stacey Abrams,"Mystery, Thriller & Suspense",Thrillers & Suspense,USD,16.01,28,www.amazon.com,Kindle ,13.99,Audiobook ,0,Paperback ,18.49,4.5,10813,2609,ATVPDKIKX0DER,MLan eCommerce,12/21/2021
1082,0807047414,0807047414,White Fragility,"by Dr. Robin DiAngelo (Author), Michael Eric Dyson (Foreword)",History,Americas,USD,8.16,16,www.amazon.com,Kindle ,9.99,Audiobook ,0,Hardcover ,21.95,4.5,37817,2186,ATVPDKIKX0DER,Wyoming Book Company LLC,12/21/2021
1083,0399144463,0399144463,Who Moved My Cheese,Spencer Johnson,Business & Money,Business Culture,USD,8.89,22,www.amazon.com,Kindle ,13.99,Audiobook ,0,Paperback ,10.39,4.6,12738,1652,ATVPDKIKX0DER,Green Namu,12/21/2021
1084,1580627560,1580627560,Why Men Love Bitches,Sherry Argov,Self-Help,Relationships,USD,6.39,15.95,www.amazon.com,Kindle ,11.99,,NA,,NA,4.7,12714,963,ATVPDKIKX0DER,Amazon,12/21/2021
1085,1501144316,1501144316,Why We Sleep,Matthew Walker,Medical Books,Medicine,USD,17.72,28,www.amazon.com,Kindle ,13.99,Audiobook ,0,Paperback ,10.29,4.7,14807,8662,ATVPDKIKX0DER,KF Sales Co,12/21/2021
1086,0307476073,0307476073,Wild,Cheryl Strayed,Travel,United States,USD,9.29,18,www.amazon.com,Kindle ,12.99,Audiobook ,0,Hardcover ,14.46,4.5,21315,5640,ATVPDKIKX0DER,Jenson Books Inc,12/21/2021
1087,1538748215,1538748215,Win,Harlan Coben,"Mystery, Thriller & Suspense",Thrillers & Suspense,USD,14.5,29,www.amazon.com,Kindle ,11.99,Audiobook ,0,Paperback ,13.08,4.4,21961,11480,ATVPDKIKX0DER,Jenson Books Inc,12/21/2021
1088,0312663153,0312663153,Winter Garden,Kristin Hannah,Literature & Fiction,Fiction,USD,7.56,17.99,www.amazon.com,Kindle ,0,Audiobook ,0,Hardcover ,16.48,4.6,18128,1960,ATVPDKIKX0DER,Amazon,12/21/2021
1089,0451468228,0451468228,Winter Of The World,Ken Follett,Literature & Fiction,Fiction,USD,8.52,10.99,www.amazon.com,Kindle ,7.99,Audiobook ,0,Library Binding ,13.55,4.6,15256,29766,ATVPDKIKX0DER,giggil,12/21/2021
1090,1250144051,1250144051,Wish,Barbara O'Connor,Children's Books,Growing Up & Facts of Life,USD,4.41,7.99,www.amazon.com,Kindle ,0,Audiobook ,0,Hardcover ,11.39,4.7,10216,206,ATVPDKIKX0DER,Amazon,12/21/2021
1091,0515144312,9780515144314,Without Fail,Lee Child,"Mystery, Thriller & Suspense",Thrillers & Suspense,USD,4.5,9.99,www.amazon.com,Kindle ,9.99,Audiobook ,0,Hardcover ,14.97,4.6,10542,15422,ATVPDKIKX0DER,Amazon,12/21/2021
1092,0345396812,0345396812,Women Who Run With The Wolves,Clarissa Pinkola Estes,Politics & Social Sciences,Social Sciences,USD,17.99,20,www.amazon.com,Kindle ,7.99,Audiobook ,0,Hardcover ,39,4.7,10746,28452,ATVPDKIKX0DER,VMG Books & Media,12/21/2021
1093,0375869026,0375969020,Wonder,R. J. Palacio,Children's Books,Growing Up & Facts of Life,USD,9.99,16.99,www.amazon.com,Kindle ,9.99,Audiobook ,0,Paperback ,16.92,4.8,32482,1371,ATVPDKIKX0DER,AP Books and More,12/21/2021
1094,B00C9M7P5K,,Wool,"Hugh Howey (Author), Amanda Sayle (Narrator), Audible Studios (Publisher) & 0 more",Science Fiction & Fantasy,Science Fiction,USD,9.99,NA,www.amazon.com,Kindle ,0,Hardcover ,14.79,Paperback ,9.99,4.6,17034,7586,,Amazon,12/21/2021
1095,0765326361,0765326361,Words Of Radiance,Brandon Sanderson,Literature & Fiction,Action & Adventure,USD,25.96,37.99,www.amazon.com,Kindle ,10.99,Audiobook ,0,Paperback ,15.99,4.9,18070,7905,ATVPDKIKX0DER,Jenson Books Inc,12/21/2021
1096,1450805752,1450805752,World Of Eric Carle Around The Farm Animal 30 Button Sound Book Great For First Words Pi Kids,"by Editors of Publications International (Editor), Eric Carle (Illustrator)",Children's Books,"Activities, Crafts & Games",USD,12.13,16.98,www.amazon.com,,NA,,NA,,NA,4.8,13723,42,ATVPDKIKX0DER,Amazon Warehouse,12/21/2021
1097,0451228375,0446556815,World Without End,Ken Follett,Literature & Fiction,Fiction,USD,7.81,10.99,www.amazon.com,Kindle ,9.99,Audiobook ,0,Hardcover ,16.25,4.7,12128,28569,ATVPDKIKX0DER,giggil,12/21/2021
1098,0143131664,0143131664,Wreck This Journal,Keri Smith,"Crafts, Hobbies & Home",Crafts & Hobbies,USD,9.59,16,www.amazon.com,Spiral-bound ,18.99,,NA,,NA,4.7,17424,37,ATVPDKIKX0DER,Media Relay LLC,12/21/2021
1099,0399161945,0399161945,Wreck This Journal Expanded Edition,Keri Smith,"Crafts, Hobbies & Home",Crafts & Hobbies,USD,10.29,15,www.amazon.com,,NA,,NA,,NA,4.7,10211,223,ATVPDKIKX0DER,-OnTimeBooks-,12/21/2021
1100,1419739034,1419739034,Wrecking Ball,Jeff Kinney,Children's Books,Growing Up & Facts of Life,USD,7.75,14.99,www.amazon.com,Kindle & comiXology ,7.36,Audiobook ,0,Paperback ,9.76,4.9,16892,437,ATVPDKIKX0DER,ZBK Books,12/21/2021
1101,0385344430,0385344430,Written In My Own Heart S Blood,Diana Gabaldon,Science Fiction & Fantasy,Fantasy,USD,23.16,35,www.amazon.com,Kindle ,9.99,Audiobook ,0,Paperback ,14.92,4.8,23889,14433,ATVPDKIKX0DER,Momma's Media,12/21/2021
1102,0141439556,0141439556,Wuthering Heights,Emily Brontë,Literature & Fiction,Fiction,USD,6.19,8,www.amazon.com,Kindle ,0.99,Audiobook ,0,Hardcover ,10.99,4.6,13451,4610,ATVPDKIKX0DER,SpotlightBooks,12/21/2021
1103,1926444256,1926444256,Wuthering Heights Emily Bronte Classic Novel Ribbon Page Marker Perfect For Gifting,"by Emily Bronte (Author), Paper Mill Press (Author)",Literature & Fiction,Dramas & Plays,USD,9.04,14.99,www.amazon.com,Kindle ,0.99,Audiobook ,0,Hardcover ,10.99,4.6,13451,1248792,A2E8L0E8G9VTFN,BookOutlet USABookOutlet USAMartistore,12/21/2021
1104,0786966114,078696611,Xanathar S Guide To Everything,Wizards RPG Team,Literature & Fiction,Action & Adventure,USD,31.49,49.95,www.amazon.com,,NA,,NA,,NA,4.9,18906,,ATVPDKIKX0DER,bellwetherbooks,12/21/2021
1105,1250122961,1250122961,Year One,Nora Roberts,"Mystery, Thriller & Suspense",Thrillers & Suspense,USD,10.83,17.99,www.amazon.com,Kindle ,8.99,Audiobook ,0,Hardcover ,17.77,4.6,10850,14107,A3HMVO0974R9WW,Read All About It BooksRead All About It BooksLiquidationFactor,12/21/2021
1106,1477824758,1477824758,Yellow Crocus,Laila Ibrahim,Literature & Fiction,United States,USD,6.99,14.95,www.amazon.com,Kindle ,0,Audiobook ,0,MP3 CD ,9.29,4.6,20041,46804,ATVPDKIKX0DER,Traders Connect,12/21/2021
1107,0762447699,9780762447695,You Are A Badass,Jen Sincero,Self-Help,Happiness,USD,8.45,17,www.amazon.com,Kindle ,9.99,Audiobook ,0,Hardcover ,15.5,4.7,31132,231,ATVPDKIKX0DER,LOT 27,12/21/2021
1108,125007181X,125007181X,Your Baby S First Word Will Be Dada,Jimmy Fallon,Children's Books,Early Learning,USD,5,7.99,www.amazon.com,Kindle ,9.99,Hardcover ,14.02,Paperback ,12.37,4.7,12823,1199,ATVPDKIKX0DER,Amazon,12/21/2021
1109,1250147700,1250147700,Zen As F Ck,Monica Sweeney,Humor & Entertainment,Humor,USD,9.29,14.99,www.amazon.com,Spiral-bound ,NA,,NA,,NA,4.7,22179,481,ATVPDKIKX0DER,Jathal LLC,12/21/2021
1110,0804139296,080413929,Zero To One,Peter ThielBlake Masters,Business & Money,Finance,USD,14.99,28,www.amazon.com,Kindle ,12.99,Audiobook ,0,Paperback ,10.95,4.6,10690,,ATVPDKIKX0DER,ZBK Books,12/21/2021
